200;1.10E-04
201;1.90E-05
202;1.14E-04
203;8.27E-05
204;2.12E-05
205;2.18E-06
206;9.48E-05
207;4.98E-05
208;5.57E-05
209;1.14E-04
210;6.87E-05
211;2.00E-04
212;1.93E-04
213;7.33E-05
214;1.02E-04
215;1.64E-04
216;6.01E-05
217;3.47E-05
218;3.52E-05
219;3.60E-05
220;8.42E-05
221;9.74E-05
222;6.76E-05
223;6.38E-05
224;6.62E-05
225;9.96E-05
226;5.99E-05
227;1.72E-04
228;1.89E-04
229;7.80E-05
230;8.11E-05
231;2.29E-05
232;6.65E-05
233;1.12E-04
234;1.13E-05
235;2.91E-05
236;3.91E-05
237;5.62E-05
238;3.86E-05
239;3.68E-05
240;3.79E-05
241;1.25E-04
242;8.18E-05
243;9.57E-05
244;2.20E-04
245;3.36E-05
246;1.02E-04
247;3.66E-05
248;1.62E-04
249;1.18E-04
250;9.35E-05
251;5.52E-05
252;2.10E-05
253;3.94E-05
254;8.51E-05
255;5.93E-05
256;3.41E-05
257;1.04E-04
258;2.46E-04
259;6.34E-05
260;1.52E-04
261;8.49E-05
262;3.18E-05
263;3.35E-04
264;3.51E-04
265;1.93E-04
266;1.18E-04
267;1.02E-04
268;1.20E-05
269;9.49E-05
270;6.08E-05
271;6.86E-05
272;2.16E-04
273;3.22E-05
274;3.38E-06
275;1.59E-04
276;2.50E-04
277;1.27E-04
278;2.10E-05
279;3.89E-05
280;8.93E-05
281;8.72E-05
282;1.88E-04
283;1.68E-04
284;6.24E-05
285;1.10E-04
286;6.54E-06
287;1.78E-05
288;4.30E-05
289;3.61E-05
290;6.67E-05
291;4.83E-05
292;2.22E-04
293;1.44E-04
294;3.42E-05
295;8.29E-05
296;1.79E-05
297;1.20E-04
298;8.45E-05
299;2.06E-05
300;1.16E-04
301;5.50E-05
302;5.69E-05
303;1.43E-04
304;7.24E-05
305;4.95E-05
306;2.04E-04
307;2.18E-04
308;3.18E-04
309;1.09E-04
310;3.16E-05
311;1.22E-05
312;6.52E-05
313;3.75E-04
314;3.13E-04
315;7.63E-05
316;1.56E-04
317;2.21E-04
318;3.91E-05
319;2.44E-04
320;5.53E-04
321;6.50E-05
322;1.61E-05
323;1.44E-04
324;9.70E-06
325;3.77E-04
326;7.06E-05
327;8.46E-05
328;2.94E-06
329;2.64E-04
330;3.57E-04
331;8.79E-05
332;4.40E-05
333;2.73E-04
334;4.54E-04
335;2.44E-04
336;8.70E-06
337;1.01E-04
338;1.03E-04
339;2.07E-06
340;1.23E-04
341;1.66E-04
342;1.56E-05
343;1.80E-04
344;1.27E-04
345;1.19E-06
346;1.93E-04
347;1.72E-06
348;2.08E-04
349;2.76E-05
350;1.99E-04
351;7.85E-06
352;2.55E-04
353;1.80E-04
354;1.87E-06
355;9.02E-05
356;7.27E-05
357;3.45E-04
358;1.56E-04
359;1.19E-04
360;3.27E-05
361;1.29E-04
362;5.92E-05
363;6.57E-05
364;1.39E-04
365;1.48E-04
366;7.42E-05
367;8.73E-05
368;1.75E-04
369;5.16E-05
370;1.08E-04
371;6.99E-05
372;2.28E-05
373;1.38E-04
374;1.81E-04
375;3.65E-04
376;5.23E-05
377;1.40E-04
378;1.62E-04
379;7.93E-05
380;3.01E-04
381;1.77E-04
382;2.12E-05
383;2.86E-04
384;1.84E-04
385;3.20E-04
386;2.10E-04
387;1.90E-05
388;2.19E-05
389;1.03E-04
390;3.48E-04
391;2.44E-04
392;9.49E-05
393;3.61E-04
394;7.00E-05
395;3.07E-05
396;1.56E-04
397;1.48E-04
398;2.42E-04
399;6.77E-05
400;1.24E-04
401;1.16E-04
402;3.82E-05
403;1.80E-05
404;1.74E-04
405;8.57E-05
406;9.08E-05
407;3.31E-04
408;3.98E-04
409;1.33E-04
410;4.68E-06
411;1.67E-04
412;4.81E-05
413;1.42E-04
414;4.65E-05
415;1.92E-05
416;1.57E-04
417;1.17E-04
418;1.13E-04
419;2.20E-04
420;1.98E-04
421;3.60E-05
422;7.03E-05
423;7.05E-05
424;1.38E-04
425;8.36E-05
426;2.93E-04
427;6.53E-05
428;5.99E-05
429;2.47E-04
430;2.64E-04
431;1.71E-04
432;1.05E-04
433;3.61E-04
434;2.88E-04
435;5.38E-05
436;2.64E-05
437;1.52E-04
438;1.11E-04
439;2.50E-05
440;9.91E-05
441;4.23E-05
442;9.81E-05
443;1.75E-04
444;1.38E-04
445;3.22E-05
446;7.44E-05
447;1.88E-04
448;5.62E-05
449;5.39E-05
450;2.63E-04
451;2.36E-04
452;8.36E-05
453;3.90E-05
454;1.15E-04
455;3.62E-04
456;1.28E-04
457;4.30E-05
458;2.68E-05
459;1.89E-04
460;1.11E-04
461;6.45E-06
462;3.29E-05
463;1.41E-04
464;4.50E-05
465;5.74E-05
466;3.25E-06
467;2.97E-05
468;9.35E-05
469;6.47E-05
470;6.19E-05
471;2.54E-04
472;3.05E-04
473;8.51E-05
474;1.51E-04
475;1.42E-04
476;1.85E-04
477;1.50E-04
478;4.83E-05
479;1.06E-04
480;5.54E-05
481;9.13E-05
482;3.85E-05
483;6.21E-05
484;6.08E-05
485;5.87E-05
486;4.43E-05
487;2.33E-05
488;1.50E-04
489;8.50E-05
490;1.14E-04
491;9.13E-05
492;6.71E-05
493;1.29E-04
494;6.92E-05
495;2.14E-04
496;5.29E-05
497;8.07E-05
498;6.68E-05
499;2.81E-05
500;4.20E-05
501;6.70E-05
502;1.04E-04
503;9.04E-05
504;1.01E-04
505;1.91E-04
506;1.38E-04
507;1.82E-04
508;1.01E-04
509;4.38E-05
510;1.46E-05
511;7.52E-05
512;1.50E-04
513;7.31E-05
514;8.37E-05
515;6.96E-05
516;1.27E-04
517;4.36E-05
518;9.00E-05
519;1.03E-04
520;1.42E-04
521;6.30E-05
522;6.85E-05
523;3.03E-08
524;8.99E-05
525;8.32E-05
526;6.41E-05
527;1.78E-04
528;1.86E-04
529;1.75E-04
530;2.48E-05
531;9.51E-05
532;2.15E-04
533;5.24E-05
534;1.19E-04
535;7.69E-05
536;2.13E-04
537;3.01E-04
538;2.45E-05
539;2.07E-05
540;4.19E-05
541;1.23E-04
542;3.99E-05
543;7.20E-05
544;3.29E-05
545;1.55E-04
546;3.54E-06
547;9.88E-05
548;9.29E-05
549;9.18E-05
550;2.38E-04
551;4.20E-06
552;3.97E-05
553;8.68E-05
554;4.18E-05
555;4.06E-05
556;7.29E-05
557;1.55E-04
558;8.32E-05
559;1.80E-05
560;3.84E-06
561;6.07E-05
562;1.63E-04
563;3.07E-05
564;3.13E-05
565;1.39E-04
566;4.30E-05
567;4.88E-05
568;3.09E-04
569;5.38E-06
570;6.92E-05
571;2.45E-05
572;2.23E-04
573;8.18E-05
574;3.67E-05
575;6.06E-05
576;6.30E-05
577;2.93E-04
578;5.18E-05
579;6.06E-05
580;9.72E-05
581;2.02E-04
582;4.33E-04
583;8.27E-05
584;1.54E-04
585;1.82E-05
586;9.81E-05
587;1.25E-04
588;2.33E-04
589;1.99E-05
590;2.09E-05
591;1.66E-04
592;2.15E-04
593;4.63E-04
594;2.73E-04
595;2.56E-04
596;3.23E-04
597;2.16E-04
598;6.42E-05
599;6.18E-05
600;1.06E-04
601;1.47E-04
602;6.88E-05
603;2.35E-04
604;1.51E-04
605;6.71E-05
606;7.28E-05
607;6.09E-05
608;8.42E-05
609;3.55E-05
610;1.80E-06
611;7.88E-05
612;2.67E-05
613;6.25E-05
614;1.87E-04
615;7.83E-05
616;2.10E-04
617;1.16E-04
618;2.83E-05
619;1.07E-04
620;3.43E-04
621;9.43E-06
622;5.91E-05
623;4.61E-05
624;8.97E-05
625;9.61E-05
626;1.07E-04
627;1.44E-04
628;1.50E-04
629;9.93E-06
630;2.24E-04
631;8.45E-05
632;1.29E-04
633;1.72E-04
634;4.94E-05
635;1.08E-04
636;5.78E-05
637;6.69E-07
638;2.42E-04
639;2.52E-04
640;1.65E-04
641;1.68E-04
642;1.94E-05
643;1.06E-04
644;1.42E-05
645;3.96E-04
646;5.33E-05
647;2.77E-04
648;5.32E-05
649;1.48E-04
650;5.47E-05
651;3.87E-05
652;9.85E-05
653;1.03E-04
654;1.31E-04
655;1.28E-05
656;1.01E-05
657;4.40E-05
658;8.72E-05
659;6.29E-05
660;1.21E-04
661;1.93E-04
662;8.98E-05
663;1.19E-04
664;3.42E-05
665;4.27E-05
666;2.00E-05
667;3.62E-04
668;9.58E-05
669;2.30E-04
670;1.79E-04
671;8.31E-05
672;3.21E-05
673;1.31E-04
674;1.78E-04
675;2.47E-04
676;2.73E-04
677;1.52E-04
678;4.90E-05
679;2.89E-04
680;1.73E-04
681;9.48E-05
682;1.30E-04
683;1.46E-04
684;1.02E-04
685;1.96E-06
686;3.73E-04
687;3.05E-04
688;6.22E-06
689;4.64E-04
690;2.12E-04
691;2.70E-04
692;3.16E-04
693;1.23E-04
694;6.30E-05
695;3.18E-04
696;2.06E-04
697;1.64E-04
698;1.98E-04
699;9.30E-05
700;2.32E-04
701;3.03E-05
702;1.23E-04
703;1.14E-04
704;8.64E-05
705;2.14E-04
706;3.41E-04
707;2.99E-04
708;3.90E-04
709;3.87E-04
710;2.50E-04
711;2.73E-04
712;2.36E-04
713;3.82E-04
714;1.63E-04
715;5.92E-05
716;5.39E-04
717;2.46E-04
718;2.99E-04
719;1.14E-04
720;4.95E-04
721;6.42E-06
722;3.90E-04
723;1.41E-04
724;3.51E-04
725;2.01E-04
726;2.66E-04
727;7.09E-05
728;3.90E-04
729;3.76E-04
730;6.26E-04
731;1.27E-04
732;5.90E-04
733;3.54E-04
734;4.13E-04
735;5.64E-06
736;7.46E-04
737;5.04E-04
738;5.46E-04
739;3.06E-04
740;3.49E-04
741;7.16E-04
742;4.22E-04
743;2.97E-04
744;2.03E-04
745;7.17E-04
746;4.01E-04
747;4.35E-04
748;5.53E-04
749;5.54E-05
750;8.88E-04
751;3.67E-05
752;4.47E-04
753;8.35E-05
754;9.38E-04
755;5.70E-04
756;4.67E-04
757;5.06E-04
758;1.30E-04
759;6.28E-04
760;5.41E-04
761;4.91E-04
762;8.25E-05
763;5.00E-04
764;3.82E-04
765;4.38E-04
766;4.07E-04
767;1.26E-04
768;6.04E-04
769;5.00E-04
770;6.25E-04
771;6.19E-04
772;7.98E-05
773;8.03E-04
774;4.20E-04
775;4.30E-04
776;3.51E-04
777;4.00E-05
778;8.28E-04
779;5.98E-04
780;5.46E-04
781;2.67E-04
782;6.96E-05
783;7.20E-04
784;6.99E-04
785;4.95E-04
786;2.58E-04
787;1.78E-04
788;8.18E-04
789;6.54E-04
790;6.08E-04
791;6.00E-04
792;2.92E-04
793;9.29E-04
794;4.51E-04
795;7.27E-04
796;4.60E-04
797;1.05E-04
798;6.34E-04
799;4.26E-04
800;6.61E-04
801;4.85E-04
802;6.86E-04
803;5.02E-04
804;1.77E-04
805;5.13E-04
806;4.86E-04
807;5.43E-04
808;2.61E-04
809;2.02E-04
810;4.85E-04
811;3.66E-04
812;2.62E-04
813;5.66E-04
814;3.61E-04
815;5.98E-04
816;4.70E-04
817;3.26E-04
818;8.57E-04
819;6.25E-04
820;8.56E-04
821;3.78E-04
822;7.61E-04
823;3.06E-04
824;1.86E-04
825;7.78E-04
826;3.48E-04
827;5.12E-04
828;6.68E-04
829;1.02E-05
830;6.73E-04
831;5.38E-04
832;2.05E-04
833;4.27E-05
834;4.69E-04
835;5.10E-04
836;9.64E-04
837;3.26E-04
838;7.48E-04
839;7.52E-04
840;4.15E-04
841;2.90E-04
842;8.25E-04
843;6.63E-04
844;2.52E-04
845;7.53E-04
846;8.06E-04
847;5.75E-04
848;5.74E-04
849;5.16E-04
850;8.71E-04
851;9.99E-04
852;4.25E-04
853;1.06E-04
854;3.99E-04
855;5.77E-04
856;7.00E-06
857;3.85E-04
858;1.71E-04
859;5.52E-04
860;6.25E-04
861;3.32E-04
862;8.12E-04
863;7.00E-06
864;7.92E-04
865;3.43E-04
866;3.51E-04
867;7.31E-04
868;1.92E-04
869;9.22E-04
870;2.20E-05
871;2.74E-04
872;5.40E-05
873;5.70E-04
874;4.00E-05
875;6.20E-04
876;2.21E-04
877;3.48E-04
878;6.73E-04
879;3.66E-04
880;1.29E-04
881;6.31E-04
882;1.71E-04
883;7.53E-04
884;3.21E-04
885;1.87E-04
886;8.80E-04
887;8.32E-04
888;7.28E-04
889;3.02E-04
890;3.13E-04
891;3.06E-04
892;3.96E-04
893;1.00E-06
894;2.20E-05
895;5.49E-04
896;6.19E-04
897;5.01E-04
898;7.36E-04
899;4.04E-04
900;5.10E-04
901;2.30E-04
902;2.80E-05
903;1.06E-04
904;3.31E-04
905;9.81E-04
906;9.28E-04
907;3.50E-05
908;9.60E-05
909;8.36E-04
910;7.87E-04
911;7.29E-04
912;5.96E-04
913;4.89E-04
914;3.65E-04
915;4.98E-04
916;4.07E-04
917;3.55E-04
918;2.43E-04
919;3.54E-04
920;2.67E-04
921;9.50E-04
922;1.62E-04
923;1.40E-05
924;1.10E-05
925;8.61E-04
926;8.69E-04
927;9.92E-04
928;1.18E-04
929;6.97E-04
930;7.89E-04
931;8.67E-04
932;6.40E-04
933;6.40E-04
934;6.01E-04
935;5.85E-04
936;5.55E-04
937;6.03E-04
938;5.45E-04
939;4.47E-04
940;3.98E-04
941;3.96E-04
942;5.31E-04
943;5.02E-04
944;4.20E-04
945;4.50E-04
946;3.30E-04
947;3.72E-04
948;3.96E-04
949;4.76E-04
950;5.71E-04
951;3.98E-04
952;4.85E-04
953;3.37E-04
954;4.60E-04
955;2.96E-04
956;4.45E-04
957;2.90E-04
958;4.19E-04
959;3.54E-04
960;4.54E-04
961;3.72E-04
962;3.98E-04
963;3.82E-04
964;4.76E-04
965;6.27E-04
966;7.77E-04
967;8.16E-04
968;1.70E-05
969;1.71E-04
970;5.03E-04
971;6.99E-04
972;1.16E-04
973;3.83E-04
974;7.03E-04
975;1.47E-04
976;6.15E-04
977;3.40E-05
978;7.44E-04
979;4.37E-04
980;3.34E-04
981;9.60E-04
982;2.00E-06
983;8.54E-04
984;7.14E-04
985;2.28E-04
986;2.44E-04
987;5.32E-04
988;8.63E-04
989;6.83E-04
990;8.64E-04
991;1.71E-04
992;9.69E-04
993;6.97E-04
994;6.71E-04
995;8.50E-04
996;1.20E-03
997;4.17E-02
998;4.61E-02
999;6.43E-02
1000;1.21E-01
1001;5.35E-01
1002;3.78E+00
1003;1.38E+01
1004;3.08E+01
1005;5.28E+01
1006;7.14E+01
1007;8.35E+01
1008;9.01E+01
1009;9.32E+01
1010;9.53E+01
1011;9.63E+01
1012;9.67E+01
1013;9.71E+01
1014;9.75E+01
1015;9.78E+01
1016;9.81E+01
1017;9.82E+01
1018;9.82E+01
1019;9.78E+01
1020;9.73E+01
1021;9.70E+01
1022;9.69E+01
1023;9.72E+01
1024;9.76E+01
1025;9.79E+01
1026;9.80E+01
1027;9.79E+01
1028;9.77E+01
1029;9.76E+01
1030;9.76E+01
1031;9.77E+01
1032;9.80E+01
1033;9.82E+01
1034;9.83E+01
1035;9.83E+01
1036;9.82E+01
1037;9.81E+01
1038;9.81E+01
1039;9.81E+01
1040;9.82E+01
1041;9.84E+01
1042;9.85E+01
1043;9.86E+01
1044;9.87E+01
1045;9.86E+01
1046;9.86E+01
1047;9.85E+01
1048;9.84E+01
1049;9.83E+01
1050;9.82E+01
1051;9.80E+01
1052;9.79E+01
1053;9.78E+01
1054;9.78E+01
1055;9.78E+01
1056;9.79E+01
1057;9.80E+01
1058;9.82E+01
1059;9.82E+01
1060;9.83E+01
1061;9.82E+01
1062;9.80E+01
1063;9.78E+01
1064;9.76E+01
1065;9.75E+01
1066;9.74E+01
1067;9.74E+01
1068;9.75E+01
1069;9.77E+01
1070;9.79E+01
1071;9.81E+01
1072;9.82E+01
1073;9.83E+01
1074;9.82E+01
1075;9.81E+01
1076;9.79E+01
1077;9.78E+01
1078;9.76E+01
1079;9.76E+01
1080;9.76E+01
1081;9.77E+01
1082;9.79E+01
1083;9.80E+01
1084;9.81E+01
1085;9.82E+01
1086;9.82E+01
1087;9.82E+01
1088;9.81E+01
1089;9.80E+01
1090;9.79E+01
1091;9.78E+01
1092;9.77E+01
1093;9.77E+01
1094;9.78E+01
1095;9.78E+01
1096;9.79E+01
1097;9.79E+01
1098;9.79E+01
1099;9.80E+01
1100;9.79E+01
1101;9.79E+01
1102;9.79E+01
1103;9.79E+01
1104;9.79E+01
1105;9.79E+01
1106;9.79E+01
1107;9.79E+01
1108;9.80E+01
1109;9.80E+01
1110;9.80E+01
1111;9.80E+01
1112;9.80E+01
1113;9.80E+01
1114;9.80E+01
1115;9.81E+01
1116;9.81E+01
1117;9.82E+01
1118;9.83E+01
1119;9.83E+01
1120;9.84E+01
1121;9.84E+01
1122;9.83E+01
1123;9.83E+01
1124;9.82E+01
1125;9.81E+01
1126;9.80E+01
1127;9.79E+01
1128;9.78E+01
1129;9.78E+01
1130;9.79E+01
1131;9.80E+01
1132;9.81E+01
1133;9.82E+01
1134;9.83E+01
1135;9.84E+01
1136;9.85E+01
1137;9.85E+01
1138;9.84E+01
1139;9.83E+01
1140;9.82E+01
1141;9.81E+01
1142;9.80E+01
1143;9.80E+01
1144;9.79E+01
1145;9.79E+01
1146;9.80E+01
1147;9.80E+01
1148;9.81E+01
1149;9.81E+01
1150;9.81E+01
1151;9.81E+01
1152;9.80E+01
1153;9.79E+01
1154;9.77E+01
1155;9.75E+01
1156;9.74E+01
1157;9.73E+01
1158;9.72E+01
1159;9.72E+01
1160;9.72E+01
1161;9.73E+01
1162;9.74E+01
1163;9.76E+01
1164;9.77E+01
1165;9.79E+01
1166;9.80E+01
1167;9.80E+01
1168;9.80E+01
1169;9.80E+01
1170;9.78E+01
1171;9.77E+01
1172;9.75E+01
1173;9.73E+01
1174;9.72E+01
1175;9.71E+01
1176;9.71E+01
1177;9.71E+01
1178;9.72E+01
1179;9.73E+01
1180;9.74E+01
1181;9.76E+01
1182;9.77E+01
1183;9.78E+01
1184;9.79E+01
1185;9.79E+01
1186;9.78E+01
1187;9.77E+01
1188;9.76E+01
1189;9.74E+01
1190;9.72E+01
1191;9.70E+01
1192;9.67E+01
1193;9.66E+01
1194;9.65E+01
1195;9.64E+01
1196;9.64E+01
1197;9.64E+01
1198;9.65E+01
1199;9.67E+01
1200;9.68E+01
1201;9.70E+01
1202;9.72E+01
1203;9.73E+01
1204;9.75E+01
1205;9.76E+01
1206;9.76E+01
1207;9.77E+01
1208;9.77E+01
1209;9.76E+01
1210;9.75E+01
1211;9.74E+01
1212;9.73E+01
1213;9.72E+01
1214;9.71E+01
1215;9.69E+01
1216;9.68E+01
1217;9.68E+01
1218;9.67E+01
1219;9.67E+01
1220;9.67E+01
1221;9.68E+01
1222;9.69E+01
1223;9.70E+01
1224;9.71E+01
1225;9.73E+01
1226;9.74E+01
1227;9.75E+01
1228;9.77E+01
1229;9.78E+01
1230;9.80E+01
1231;9.81E+01
1232;9.82E+01
1233;9.82E+01
1234;9.83E+01
1235;9.83E+01
1236;9.83E+01
1237;9.82E+01
1238;9.82E+01
1239;9.81E+01
1240;9.81E+01
1241;9.80E+01
1242;9.79E+01
1243;9.78E+01
1244;9.77E+01
1245;9.76E+01
1246;9.75E+01
1247;9.74E+01
1248;9.73E+01
1249;9.72E+01
1250;9.72E+01
1251;9.71E+01
1252;9.72E+01
1253;9.72E+01
1254;9.72E+01
1255;9.73E+01
1256;9.74E+01
1257;9.74E+01
1258;9.75E+01
1259;9.76E+01
1260;9.76E+01
1261;9.76E+01
1262;9.76E+01
1263;9.76E+01
1264;9.75E+01
1265;9.74E+01
1266;9.73E+01
1267;9.71E+01
1268;9.70E+01
1269;9.69E+01
1270;9.68E+01
1271;9.67E+01
1272;9.66E+01
1273;9.66E+01
1274;9.66E+01
1275;9.66E+01
1276;9.67E+01
1277;9.68E+01
1278;9.68E+01
1279;9.69E+01
1280;9.69E+01
1281;9.69E+01
1282;9.69E+01
1283;9.69E+01
1284;9.68E+01
1285;9.67E+01
1286;9.65E+01
1287;9.63E+01
1288;9.62E+01
1289;9.60E+01
1290;9.58E+01
1291;9.57E+01
1292;9.55E+01
1293;9.55E+01
1294;9.54E+01
1295;9.54E+01
1296;9.55E+01
1297;9.56E+01
1298;9.57E+01
1299;9.59E+01
1300;9.60E+01
1301;9.62E+01
1302;9.63E+01
1303;9.64E+01
1304;9.65E+01
1305;9.66E+01
1306;9.66E+01
1307;9.65E+01
1308;9.65E+01
1309;9.64E+01
1310;9.63E+01
1311;9.62E+01
1312;9.61E+01
1313;9.60E+01
1314;9.60E+01
1315;9.60E+01
1316;9.60E+01
1317;9.61E+01
1318;9.62E+01
1319;9.64E+01
1320;9.65E+01
1321;9.67E+01
1322;9.69E+01
1323;9.71E+01
1324;9.73E+01
1325;9.75E+01
1326;9.76E+01
1327;9.77E+01
1328;9.78E+01
1329;9.78E+01
1330;9.78E+01
1331;9.77E+01
1332;9.76E+01
1333;9.75E+01
1334;9.74E+01
1335;9.73E+01
1336;9.72E+01
1337;9.71E+01
1338;9.70E+01
1339;9.70E+01
1340;9.70E+01
1341;9.70E+01
1342;9.71E+01
1343;9.72E+01
1344;9.73E+01
1345;9.74E+01
1346;9.75E+01
1347;9.76E+01
1348;9.77E+01
1349;9.78E+01
1350;9.78E+01
1351;9.79E+01
1352;9.79E+01
1353;9.79E+01
1354;9.79E+01
1355;9.78E+01
1356;9.78E+01
1357;9.77E+01
1358;9.76E+01
1359;9.76E+01
1360;9.75E+01
1361;9.74E+01
1362;9.74E+01
1363;9.73E+01
1364;9.73E+01
1365;9.73E+01
1366;9.72E+01
1367;9.72E+01
1368;9.71E+01
1369;9.71E+01
1370;9.70E+01
1371;9.69E+01
1372;9.68E+01
1373;9.66E+01
1374;9.64E+01
1375;9.62E+01
1376;9.60E+01
1377;9.58E+01
1378;9.56E+01
1379;9.54E+01
1380;9.53E+01
1381;9.52E+01
1382;9.51E+01
1383;9.52E+01
1384;9.52E+01
1385;9.53E+01
1386;9.53E+01
1387;9.55E+01
1388;9.56E+01
1389;9.58E+01
1390;9.59E+01
1391;9.60E+01
1392;9.62E+01
1393;9.63E+01
1394;9.64E+01
1395;9.65E+01
1396;9.66E+01
1397;9.67E+01
1398;9.67E+01
1399;9.68E+01
1400;9.68E+01
1401;9.68E+01
1402;9.68E+01
1403;9.69E+01
1404;9.69E+01
1405;9.69E+01
1406;9.70E+01
1407;9.70E+01
1408;9.71E+01
1409;9.72E+01
1410;9.73E+01
1411;9.74E+01
1412;9.75E+01
1413;9.76E+01
1414;9.77E+01
1415;9.79E+01
1416;9.79E+01
1417;9.80E+01
1418;9.81E+01
1419;9.81E+01
1420;9.82E+01
1421;9.82E+01
1422;9.81E+01
1423;9.81E+01
1424;9.80E+01
1425;9.80E+01
1426;9.79E+01
1427;9.78E+01
1428;9.77E+01
1429;9.76E+01
1430;9.75E+01
1431;9.74E+01
1432;9.73E+01
1433;9.73E+01
1434;9.72E+01
1435;9.72E+01
1436;9.72E+01
1437;9.73E+01
1438;9.73E+01
1439;9.74E+01
1440;9.75E+01
1441;9.76E+01
1442;9.77E+01
1443;9.78E+01
1444;9.79E+01
1445;9.80E+01
1446;9.81E+01
1447;9.81E+01
1448;9.82E+01
1449;9.82E+01
1450;9.82E+01
1451;9.82E+01
1452;9.81E+01
1453;9.80E+01
1454;9.79E+01
1455;9.78E+01
1456;9.77E+01
1457;9.75E+01
1458;9.74E+01
1459;9.73E+01
1460;9.72E+01
1461;9.70E+01
1462;9.70E+01
1463;9.69E+01
1464;9.68E+01
1465;9.68E+01
1466;9.68E+01
1467;9.68E+01
1468;9.69E+01
1469;9.70E+01
1470;9.71E+01
1471;9.72E+01
1472;9.73E+01
1473;9.74E+01
1474;9.75E+01
1475;9.76E+01
1476;9.77E+01
1477;9.78E+01
1478;9.79E+01
1479;9.79E+01
1480;9.80E+01
1481;9.80E+01
1482;9.79E+01
1483;97.88291
1484;97.82044
1485;97.73759
1486;97.64587
1487;97.54196
1488;97.43483
1489;97.3252
1490;97.21812
1491;97.13385
1492;97.06332
1493;96.9953
1494;96.96421
1495;96.93975
1496;96.94738
1497;96.97575
1498;97.01568
1499;97.08855
1500;97.17959
1501;97.26284
1502;97.38502
1503;97.49539
1504;97.60825
1505;97.718
1506;97.8143
1507;97.9113
1508;97.98006
1509;98.03825
1510;98.06968
1511;98.06695
1512;98.05838
1513;98.01798
1514;97.96164
1515;97.87915
1516;97.78798
1517;97.68479
1518;97.5731
1519;97.45785
1520;97.34253
1521;97.23711
1522;97.1266
1523;97.04668
1524;96.97572
1525;96.92038
1526;96.88906
1527;96.87428
1528;96.87942
1529;96.90469
1530;96.95008
1531;97.01751
1532;97.08515
1533;97.17299
1534;97.2655
1535;97.37096
1536;97.47592
1537;97.56304
1538;97.65572
1539;97.74607
1540;97.82133
1541;97.86962
1542;97.90988
1543;97.94831
1544;97.94787
1545;97.93754
1546;97.93136
1547;97.89394
1548;97.84566
1549;97.80024
1550;97.73983
1551;97.6709
1552;97.60546
1553;97.53835
1554;97.47404
1555;97.42896
1556;97.38123
1557;97.33356
1558;97.30233
1559;97.2826
1560;97.26692
1561;97.26273
1562;97.26749
1563;97.27943
1564;97.29276
1565;97.31307
1566;97.33923
1567;97.36878
1568;97.39536
1569;97.42773
1570;97.44999
1571;97.4696
1572;97.4913
1573;97.51804
1574;97.51723
1575;97.53596
1576;97.54559
1577;97.54283
1578;97.56068
1579;97.55814
1580;97.55935
1581;97.55671
1582;97.56872
1583;97.56989
1584;97.57789
1585;97.6022
1586;97.61542
1587;97.63966
1588;97.65419
1589;97.68303
1590;97.70151
1591;97.73298
1592;97.7529
1593;97.78164
1594;97.79459
1595;97.82825
1596;97.82762
1597;97.83453
1598;97.8327
1599;97.83395
1600;97.81248
1601;97.79826
1602;97.77705
1603;97.74593
1604;97.72362
1605;97.6776
1606;97.64014
1607;97.60962
1608;97.5771
1609;97.54865
1610;97.52855
1611;97.51305
1612;97.50735
1613;97.49893
1614;97.51327
1615;97.52983
1616;97.56586
1617;97.60972
1618;97.66422
1619;97.72453
1620;97.78566
1621;97.87058
1622;97.93537
1623;98.02726
1624;98.09872
1625;98.16817
1626;98.23849
1627;98.29504
1628;98.33994
1629;98.38078
1630;98.42025
1631;98.4191
1632;98.42255
1633;98.40249
1634;98.37757
1635;98.3163
1636;98.27392
1637;98.19781
1638;98.12749
1639;98.04041
1640;97.94567
1641;97.86014
1642;97.76797
1643;97.68984
1644;97.61668
1645;97.54195
1646;97.49092
1647;97.44785
1648;97.41539
1649;97.4079
1650;97.4075
1651;97.42808
1652;97.46059
1653;97.5267
1654;97.5784
1655;97.66801
1656;97.76545
1657;97.85498
1658;97.95862
1659;98.07024
1660;98.17224
1661;98.27533
1662;98.36836
1663;98.47371
1664;98.54157
1665;98.60625
1666;98.65017
1667;98.68085
1668;98.68925
1669;98.68815
1670;98.66101
1671;98.61988
1672;98.56046
1673;98.49669
1674;98.39917
1675;98.3109
1676;98.20733
1677;98.10644
1678;97.99773
1679;97.88474
1680;97.78345
1681;97.6945
1682;97.59028
1683;97.51545
1684;97.46397
1685;97.41862
1686;97.39092
1687;97.37712
1688;97.38296
1689;97.39972
1690;97.45326
1691;97.49482
1692;97.56839
1693;97.65048
1694;97.73353
1695;97.8531
1696;97.94614
1697;98.05806
1698;98.1693
1699;98.26823
1700;98.37824
1701;98.46938
1702;98.54923
1703;98.6284
1704;98.67973
1705;98.72428
1706;98.75159
1707;98.76315
1708;98.76507
1709;98.73077
1710;98.70329
1711;98.64439
1712;98.58517
1713;98.50259
1714;98.42134
1715;98.32757
1716;98.23151
1717;98.12887
1718;98.02968
1719;97.94135
1720;97.82774
1721;97.75609
1722;97.68981
1723;97.61124
1724;97.55654
1725;97.50515
1726;97.47461
1727;97.46191
1728;97.45653
1729;97.45655
1730;97.50236
1731;97.52003
1732;97.56537
1733;97.62704
1734;97.68078
1735;97.75623
1736;97.82373
1737;97.89774
1738;97.97276
1739;98.06002
1740;98.13376
1741;98.19894
1742;98.27373
1743;98.32853
1744;98.3763
1745;98.42365
1746;98.44947
1747;98.47772
1748;98.49166
1749;98.4864
1750;98.48871
1751;98.46162
1752;98.44849
1753;98.40639
1754;98.36507
1755;98.31438
1756;98.26617
1757;98.21961
1758;98.15162
1759;98.11073
1760;98.04885
1761;97.98847
1762;97.94226
1763;97.90065
1764;97.85742
1765;97.82625
1766;97.80657
1767;97.78185
1768;97.77005
1769;97.76231
1770;97.76873
1771;97.77178
1772;97.79074
1773;97.80558
1774;97.83528
1775;97.87047
1776;97.90098
1777;97.95351
1778;97.98444
1779;98.04231
1780;98.08891
1781;98.13176
1782;98.18626
1783;98.2254
1784;98.27626
1785;98.31272
1786;98.35175
1787;98.38712
1788;98.41423
1789;98.43984
1790;98.46169
1791;98.47733
1792;98.48313
1793;98.49726
1794;98.4883
1795;98.48878
1796;98.48208
1797;98.46838
1798;98.45068
1799;98.43247
1800;98.40707
1801;98.38595
1802;98.35542
1803;98.32381
1804;98.29688
1805;98.27143
1806;98.23743
1807;98.19687
1808;98.17659
1809;98.13818
1810;98.10316
1811;98.07153
1812;98.04939
1813;98.03247
1814;98.00332
1815;97.98186
1816;97.95929
1817;97.9242
1818;97.91582
1819;97.89779
1820;97.87593
1821;97.86806
1822;97.85462
1823;97.84938
1824;97.83456
1825;97.82953
1826;97.81178
1827;97.81141
1828;97.80853
1829;97.8027
1830;97.78975
1831;97.80637
1832;97.80131
1833;97.80202
1834;97.80316
1835;97.78687
1836;97.80047
1837;97.79832
1838;97.81442
1839;97.82129
1840;97.83401
1841;97.84009
1842;97.86083
1843;97.86515
1844;97.86898
1845;97.87504
1846;97.87929
1847;97.89551
1848;97.89922
1849;97.90656
1850;97.90672
1851;97.91531
1852;97.91586
1853;97.92323
1854;97.92009
1855;97.92307
1856;97.92032
1857;97.90894
1858;97.91659
1859;97.9119
1860;97.9006
1861;97.89
1862;97.88945
1863;97.87611
1864;97.86974
1865;97.84115
1866;97.8473
1867;97.81529
1868;97.80267
1869;97.79915
1870;97.78308
1871;97.78106
1872;97.75689
1873;97.75604
1874;97.7448
1875;97.75792
1876;97.73107
1877;97.7411
1878;97.7284
1879;97.73701
1880;97.72868
1881;97.73531
1882;97.73012
1883;97.74838
1884;97.74035
1885;97.76723
1886;97.76265
1887;97.77734
1888;97.78692
1889;97.79995
1890;97.82502
1891;97.84042
1892;97.8682
1893;97.87598
1894;97.90686
1895;97.91125
1896;97.93124
1897;97.92756
1898;97.9542
1899;97.97032
1900;97.98563
1901;97.99001
1902;98.01397
1903;98.0073
1904;98.01015
1905;98.00139
1906;97.99895
1907;97.99459
1908;97.98207
1909;97.96582
1910;97.95969
1911;97.93549
1912;97.90771
1913;97.87874
1914;97.85923
1915;97.81649
1916;97.79799
1917;97.76723
1918;97.73456
1919;97.68513
1920;97.65563
1921;97.60986
1922;97.57803
1923;97.53407
1924;97.50611
1925;97.46671
1926;97.43599
1927;97.40463
1928;97.38437
1929;97.34989
1930;97.33428
1931;97.3078
1932;97.29369
1933;97.27408
1934;97.26316
1935;97.24958
1936;97.24744
1937;97.24082
1938;97.24215
1939;97.25043
1940;97.26933
1941;97.27547
1942;97.28571
1943;97.29272
1944;97.31938
1945;97.33311
1946;97.35722
1947;97.38126
1948;97.4119
1949;97.43373
1950;97.47493
1951;97.4865
1952;97.53609
1953;97.54547
1954;97.57477
1955;97.6009
1956;97.64215
1957;97.64758
1958;97.68388
1959;97.70123
1960;97.727
1961;97.73193
1962;97.75044
1963;97.7631
1964;97.77062
1965;97.77953
1966;97.78273
1967;97.78874
1968;97.78202
1969;97.78734
1970;97.78077
1971;97.77612
1972;97.75793
1973;97.75853
1974;97.7392
1975;97.72719
1976;97.7114
1977;97.7013
1978;97.68083
1979;97.66983
1980;97.65105
1981;97.64293
1982;97.62232
1983;97.61206
1984;97.592
1985;97.57365
1986;97.57656
1987;97.55615
1988;97.55013
1989;97.54078
1990;97.53734
1991;97.52721
1992;97.52338
1993;97.52785
1994;97.52483
1995;97.52604
1996;97.52972
1997;97.54102
1998;97.54084
1999;97.54916
2000;97.54793
2001;97.56097
2002;97.56788
2003;97.58694
2004;97.5894
2005;97.60081
2006;97.60419
2007;97.61926
2008;97.62441
2009;97.63039
2010;97.63416
2011;97.64102
2012;97.64032
2013;97.63806
2014;97.64035
2015;97.63201
2016;97.63316
2017;97.61824
2018;97.61077
2019;97.59839
2020;97.59164
2021;97.57497
2022;97.5591
2023;97.54384
2024;97.52026
2025;97.49765
2026;97.48653
2027;97.45569
2028;97.43579
2029;97.4091
2030;97.38496
2031;97.36854
2032;97.342
2033;97.31406
2034;97.30109
2035;97.27435
2036;97.26141
2037;97.24295
2038;97.22392
2039;97.20794
2040;97.1939
2041;97.17812
2042;97.17754
2043;97.16952
2044;97.16582
2045;97.1642
2046;97.16246
2047;97.16978
2048;97.17275
2049;97.17461
2050;97.18449
2051;97.20196
2052;97.20532
2053;97.22773
2054;97.23988
2055;97.24947
2056;97.27631
2057;97.29131
2058;97.3134
2059;97.32992
2060;97.34526
2061;97.37563
2062;97.39063
2063;97.40476
2064;97.42611
2065;97.44485
2066;97.4612
2067;97.48178
2068;97.49978
2069;97.51139
2070;97.52251
2071;97.52783
2072;97.5443
2073;97.55368
2074;97.55495
2075;97.56387
2076;97.56697
2077;97.57489
2078;97.57076
2079;97.56635
2080;97.56101
2081;97.56221
2082;97.56287
2083;97.55599
2084;97.54568
2085;97.54748
2086;97.53648
2087;97.52972
2088;97.52534
2089;97.52934
2090;97.51583
2091;97.51877
2092;97.51572
2093;97.50289
2094;97.49307
2095;97.50002
2096;97.49665
2097;97.49554
2098;97.4942
2099;97.50365
2100;97.49656
2101;97.50445
2102;97.50281
2103;97.5043
2104;97.51672
2105;97.51927
2106;97.52648
2107;97.52611
2108;97.53938
2109;97.5416
2110;97.55695
2111;97.56025
2112;97.56351
2113;97.56866
2114;97.5773
2115;97.58617
2116;97.58413
2117;97.58018
2118;97.58805
2119;97.57729
2120;97.59055
2121;97.58526
2122;97.58338
2123;97.57793
2124;97.57185
2125;97.57342
2126;97.55708
2127;97.55051
2128;97.53896
2129;97.52663
2130;97.51668
2131;97.50166
2132;97.48282
2133;97.47289
2134;97.44599
2135;97.43519
2136;97.40791
2137;97.38773
2138;97.36113
2139;97.33856
2140;97.31613
2141;97.27853
2142;97.25594
2143;97.22697
2144;97.19328
2145;97.159
2146;97.12113
2147;97.10056
2148;97.0557
2149;97.02495
2150;96.98965
2151;96.94912
2152;96.9232
2153;96.8825
2154;96.85431
2155;96.8102
2156;96.77711
2157;96.7472
2158;96.71304
2159;96.6766
2160;96.64208
2161;96.60541
2162;96.57629
2163;96.52592
2164;96.49387
2165;96.4536
2166;96.41376
2167;96.38249
2168;96.33584
2169;96.29326
2170;96.25527
2171;96.20649
2172;96.16219
2173;96.10879
2174;96.06082
2175;96.00813
2176;95.94575
2177;95.89695
2178;95.83214
2179;95.76696
2180;95.70143
2181;95.63693
2182;95.57975
2183;95.53819
2184;95.48904
2185;95.45675
2186;95.41972
2187;95.37901
2188;95.33664
2189;95.28042
2190;95.22785
2191;95.16617
2192;95.09822
2193;95.02865
2194;94.9413
2195;94.84727
2196;94.7466
2197;94.64407
2198;94.54364
2199;94.45775
2200;94.3756
2200.9;94.24872
2201.71;94.12185
2202.51;9.40E+01
2203.32;93.8491
2204.12;93.71523
2204.92;93.57495
2205.73;93.43768
2206.53;9.33E+01
2207.33;93.16463
2208.14;9.30E+01
2208.94;92.89678
2209.74;92.75301
2210.55;92.59983
2211.35;92.45016
2212.15;9.23E+01
2212.96;92.16831
2213.76;92.02613
2214.56;91.87766
2215.37;91.72208
2216.17;91.56621
2216.98;91.40534
2217.78;91.23796
2218.58;91.07489
2219.39;90.91361
2220.19;90.75904
2220.99;90.58656
2221.8;90.42259
2222.6;90.26131
2223.4;90.08144
2224.21;89.90047
2225.01;89.71099
2225.81;89.51922
2226.62;89.32704
2227.42;89.14037
2228.22;88.95909
2229.03;88.76542
2229.83;88.56704
2230.64;88.37927
2231.44;88.1873
2232.24;87.99242
2233.05;87.79915
2233.85;87.59477
2234.65;87.3992
2235.46;87.20992
2236.26;87.01365
2237.06;86.80617
2237.87;86.5924
2238.67;86.39273
2239.47;86.20355
2240.28;86.00788
2241.08;85.8127
2241.89;85.61853
2242.69;85.42395
2243.49;85.22928
2244.3;85.0281
2245.1;84.82853
2245.9;84.64536
2246.71;84.46408
2247.51;84.27701
2248.31;84.09183
2249.12;83.90546
2249.92;83.72948
2250.72;83.55941
2251.53;83.39083
2252.33;83.22346
2253.13;83.05288
2253.94;82.89191
2254.74;82.73824
2255.55;82.57586
2256.35;82.41409
2257.15;82.26271
2257.96;82.11714
2258.76;81.98096
2259.56;81.84869
2260.37;81.72011
2261.17;81.58634
2261.97;81.44457
2262.78;81.31979
2263.58;81.21582
2264.38;81.11374
2265.19;81.00207
2265.99;80.90189
2266.8;80.82272
2267.6;80.73154
2268.4;80.63357
2269.21;80.5419
2270.01;80.46462
2270.81;80.40485
2271.62;80.35187
2272.42;80.2916
2273.22;80.23392
2274.03;80.18555
2274.83;80.13827
2275.63;80.0994
2276.44;80.06553
2277.24;80.03335
2278.04;79.99858
2278.85;8.00E+01
2279.65;79.96433
2280.46;79.95175
2281.26;79.94018
2282.06;79.9364
2282.87;79.93933
2283.67;8.00E+01
2284.47;8.00E+01
2285.28;80.00161
2286.08;80.02953
2286.88;80.05776
2287.69;80.09648
2288.49;8.01E+01
2289.29;80.20033
2290.1;80.25416
2290.9;80.29549
2291.7;80.34711
2292.51;80.41314
2293.31;80.47966
2294.12;8.06E+01
2294.92;80.63851
2295.72;80.72584
2296.53;80.82286
2297.33;80.90979
2298.13;80.99912
2298.94;81.08884
2299.74;81.18277
2300.54;8.13E+01
2301.35;81.39272
2302.15;81.50404
2302.95;81.61867
2303.76;81.74619
2304.56;81.87482
2305.37;81.99005
2306.17;82.10527
2306.97;82.2278
2307.78;82.35922
2308.58;82.49815
2309.38;82.63857
2310.19;82.78
2310.99;8.29E+01
2311.79;8.31E+01
2312.6;83.19588
2313.4;83.335
2314.2;83.47503
2315.01;83.62415
2315.81;83.78748
2316.61;8.39E+01
2317.42;8.41E+01
2318.22;84.24115
2319.03;84.38518
2319.83;84.5318
2320.63;84.68103
2321.44;84.82926
2322.24;8.50E+01
2323.04;85.12981
2323.85;85.27973
2324.65;85.42686
2325.45;85.57608
2326.26;8.57E+01
2327.06;85.87143
2327.86;86.00616
2328.67;8.61E+01
2329.47;86.29241
2330.27;86.43294
2331.08;86.55936
2331.88;86.68789
2332.69;86.81581
2333.49;86.94524
2334.29;87.06556
2335.1;87.17689
2335.9;87.29602
2336.7;87.42084
2337.51;8.75E+01
2338.31;87.63819
2339.11;87.74612
2339.92;8.78E+01
2340.72;87.93107
2341.52;88.01899
2342.33;88.09602
2343.13;88.16525
2343.94;88.23487
2344.74;88.3053
2345.54;88.37562
2346.35;88.44165
2347.15;8.85E+01
2347.95;88.5344
2348.76;88.57442
2349.56;88.60955
2350.36;88.64258
2351.17;8.87E+01
2351.97;88.67213
2352.77;88.68145
2353.58;88.68288
2354.38;88.6713
2355.18;88.66073
2355.99;88.64895
2356.79;8.86E+01
2357.6;88.60621
2358.4;8.86E+01
2359.2;8.85E+01
2360.01;8.85E+01
2360.81;88.41631
2361.61;88.36589
2362.42;8.83E+01
2363.22;88.24866
2364.02;8.82E+01
2364.83;88.11053
2365.63;88.03382
2366.43;87.9558
2367.24;87.87069
2368.04;8.78E+01
2368.85;8.77E+01
2369.65;87.55235
2370.45;87.43443
2371.26;87.31362
2372.06;87.1918
2372.86;87.06419
2373.67;86.92967
2374.47;86.79736
2375.27;86.65954
2376.08;8.65E+01
2376.88;86.35601
2377.68;86.2011
2378.49;86.04398
2379.29;85.88557
2380.09;85.72566
2380.9;85.55974
2381.7;85.38833
2382.51;85.22051
2383.31;85.0517
2384.11;84.88068
2384.92;8.47E+01
2385.72;8.45E+01
2386.52;84.33084
2387.33;8.41E+01
2388.13;83.97091
2388.93;83.78739
2389.74;83.60818
2390.54;8.34E+01
2391.34;83.24655
2392.15;83.06174
2392.95;82.87752
2393.75;82.69461
2394.56;82.51829
2395.36;8.23E+01
2396.17;8.22E+01
2396.97;81.98605
2397.77;81.81663
2398.58;81.65222
2399.38;81.494
2400.18;81.33639
2400.99;81.17177
2401.79;81.00686
2402.59;80.85184
2403.4;80.70473
2404.2;80.56342
2405;8.04E+01
2405.81;8.03E+01
2406.61;80.14827
2407.42;80.02106
2408.22;79.88774
2409.02;7.98E+01
2409.83;79.65481
2410.63;79.5498
2411.43;79.43828
2412.24;79.32887
2413.04;79.23575
2413.84;79.14834
2414.65;79.06182
2415.45;78.98111
2416.25;78.9036
2417.06;78.83128
2417.86;78.76827
2418.66;7.87E+01
2419.47;78.66104
2420.27;78.61312
2421.08;78.57801
2421.88;7.85E+01
2422.68;78.51218
2423.49;78.48406
2424.29;78.47145
2425.09;78.46683
2425.9;78.46452
2426.7;78.464
2427.5;78.47039
2428.31;7.85E+01
2429.11;78.50576
2429.91;78.52605
2430.72;78.54803
2431.52;78.57862
2432.32;78.6212
2433.13;78.67169
2433.93;78.72237
2434.74;78.78216
2435.54;78.85304
2436.34;78.91733
2437.15;7.90E+01
2437.95;7.91E+01
2438.75;7.91E+01
2439.56;79.24147
2440.36;79.33476
2441.16;79.42514
2441.97;79.52153
2442.77;79.63091
2443.57;79.7489
2444.38;79.87078
2445.18;79.99287
2445.99;80.11895
2446.79;8.02E+01
2447.59;80.37232
2448.4;80.50681
2449.2;80.64819
2450;80.79358
2450.81;8.09E+01
2451.61;81.08975
2452.41;81.22904
2453.22;81.37442
2454.02;81.52921
2454.82;81.68579
2455.63;81.83538
2456.43;8.20E+01
2457.23;82.14745
2458.04;82.30673
2458.84;82.46582
2459.65;82.631
2460.45;82.79659
2461.25;82.96387
2462.06;83.13136
2462.86;83.29984
2463.66;83.46583
2464.47;83.62722
2465.27;83.7881
2466.07;8.40E+01
2466.88;8.41E+01
2467.68;84.28466
2468.48;84.44504
2469.29;84.59343
2470.09;8.47E+01
2470.89;84.9013
2471.7;85.06068
2472.5;85.22087
2473.31;85.36395
2474.11;8.55E+01
2474.91;85.62922
2475.72;8.58E+01
2476.52;8.59E+01
2477.32;86.03908
2478.13;86.17037
2478.93;86.29475
2479.73;86.41154
2480.54;86.51642
2481.34;86.61641
2482.14;86.72339
2482.95;86.83718
2483.75;8.70E+01
2484.56;87.04635
2485.36;87.11233
2486.16;87.18232
2486.97;87.2639
2487.77;87.34709
2488.57;87.41587
2489.38;8.75E+01
2490.18;8.75E+01
2490.98;87.57973
2491.79;87.62802
2492.59;87.6689
2493.39;87.70389
2494.2;87.74617
2495;87.78116
2495.8;87.79194
2496.61;87.79693
2497.41;87.80621
2498.22;8.78E+01
2499.02;87.82938
2499.82;87.83127
2500.63;8.78E+01
2501.43;87.82164
2502.23;87.82003
2503.04;87.81071
2503.84;87.7745
2504.64;87.73838
2505.45;87.72137
2506.25;87.68715
2507.05;8.76E+01
2507.86;87.56602
2508.66;8.75E+01
2509.47;87.49069
2510.27;87.44448
2511.07;87.38396
2511.88;87.31255
2512.68;8.72E+01
2513.48;87.17432
2514.29;8.71E+01
2515.09;87.06669
2515.89;86.99308
2516.7;86.90826
2517.5;8.68E+01
2518.3;86.73873
2519.11;8.67E+01
2519.91;86.5746
2520.71;8.65E+01
2521.52;86.37817
2522.32;8.63E+01
2523.13;86.22524
2523.93;86.16743
2524.73;86.07601
2525.54;85.9677
2526.34;85.87119
2527.14;85.78037
2527.95;85.68326
2528.75;85.58864
2529.55;85.50373
2530.36;8.54E+01
2531.16;8.54E+01
2531.96;85.35088
2532.77;85.25417
2533.57;85.12415
2534.37;84.99634
2535.18;84.93592
2535.98;8.49E+01
2536.79;8.48E+01
2537.59;84.64768
2538.39;84.55237
2539.2;8.45E+01
2540;84.39444
2540.8;84.32932
2541.61;84.30481
2542.41;84.30669
2543.21;84.28138
2544.02;84.20786
2544.82;84.11835
2545.62;8.40E+01
2546.43;83.92352
2547.23;83.9363
2548.04;83.96539
2548.84;83.87697
2549.64;83.76316
2550.45;83.72225
2551.25;8.37E+01
2552.05;83.68662
2552.86;83.6859
2553.66;83.61869
2554.46;83.51157
2555.27;83.45216
2556.07;83.42194
2556.87;83.40173
2557.68;83.39121
2558.48;83.4029
2559.28;8.35E+01
2560.09;83.59337
2560.89;83.73645
2561.7;83.79234
2562.5;83.77673
2563.3;8.37E+01
2564.11;8.37E+01
2564.91;83.71888
2565.71;83.63597
2566.52;8.36E+01
2567.32;8.36E+01
2568.12;83.71812
2568.93;83.87301
2569.73;8.40E+01
2570.53;83.92498
2571.34;83.85146
2572.14;8.39E+01
2572.94;84.03883
2573.75;84.19352
2574.55;84.24731
2575.36;84.27069
2576.16;84.36518
2576.96;84.48496
2577.77;84.48635
2578.57;84.44513
2579.37;84.49922
2580.18;84.6401
2580.98;84.85289
2581.78;85.00747
2582.59;85.09186
2583.39;85.28954
2584.19;85.49893
2585;85.45971
2585.8;85.4411
2586.61;85.59509
2587.41;8.59E+01
2588.21;86.00746
2589.02;86.03544
2589.82;86.05133
2590.62;86.06711
2591.43;86.1544
2592.23;86.36388
2593.03;86.61107
2593.84;86.84845
2594.64;87.19564
2595.44;87.52272
2596.25;87.44541
2597.05;87.34229
2597.85;87.32058
2598.66;8.73E+01
2599.46;87.43605
2600.27;87.59934
2601.07;87.82112
2601.87;88.04051
2602.68;88.20259
2603.48;88.42908
2604.28;88.71676
2605.09;88.92045
2605.89;88.99343
2606.69;89.01152
2607.5;89.0335
2608.3;89.04899
2609.1;89.10847
2609.91;89.21466
2610.71;89.26985
2611.52;89.32933
2612.32;89.47622
2613.12;8.97E+01
2613.93;89.76109
2614.73;8.98E+01
2615.53;89.98056
2616.34;90.24024
2617.14;90.52583
2617.94;90.52441
2618.75;90.4329
2619.55;90.47108
2620.35;90.58547
2621.16;90.53845
2621.96;90.41034
2622.76;90.35252
2623.57;90.35371
2624.37;90.3933
2625.18;9.05E+01
2625.98;9.06E+01
2626.78;90.76405
2627.59;90.71004
2628.39;90.65192
2629.19;9.08E+01
2630;90.97849
2630.8;9.10E+01
2631.6;9.08E+01
2632.41;90.61065
2633.21;90.56793
2634.01;90.48882
2634.82;90.2952
2635.62;90.12049
2636.42;90.01408
2637.23;89.92946
2638.03;8.98E+01
2638.84;89.75633
2639.64;89.66032
2640.44;89.5844
2641.25;89.53639
2642.05;89.44917
2642.85;89.25806
2643.66;89.05854
2644.46;88.95953
2645.26;88.91351
2646.07;88.7792
2646.87;88.50658
2647.67;88.22797
2648.48;87.99956
2649.28;8.78E+01
2650.09;87.62453
2650.89;87.49881
2651.69;87.4315
2652.5;87.30088
2653.3;86.98737
2654.1;86.70675
2654.91;86.52134
2655.71;86.27852
2656.51;85.94381
2657.32;85.65889
2658.12;85.44718
2658.92;85.30506
2659.73;85.13545
2660.53;84.82934
2661.33;84.53022
2662.14;84.25481
2662.94;83.99399
2663.75;83.84748
2664.55;83.81306
2665.35;83.74505
2666.16;83.49783
2666.96;83.08672
2667.76;82.5809
2668.57;82.23329
2669.37;82.06067
2670.17;81.86006
2670.98;81.25964
2671.78;80.80933
2672.58;8.06E+01
2673.39;80.3143
2674.19;80.07749
2674.99;79.91237
2675.8;79.80666
2676.6;7.97E+01
2677.41;79.30093
2678.21;78.77491
2679.01;78.3398
2679.82;77.85428
2680.62;77.37327
2681.42;77.00285
2682.23;76.70474
2683.03;76.39762
2683.83;75.94161
2684.64;7.54E+01
2685.44;74.89358
2686.24;74.37447
2687.05;73.67085
2687.85;73.00084
2688.66;72.38112
2689.46;71.66661
2690.26;70.97879
2691.07;70.39728
2691.87;69.86586
2692.67;69.43395
2693.48;69.03193
2694.28;6.84E+01
2695.08;67.7827
2695.89;67.09829
2696.69;66.36278
2697.49;65.76786
2698.3;65.25005
2699.1;64.73623
2699.9;64.27702
2700.71;63.844
2701.51;63.25519
2702.32;62.64347
2703.12;6.22E+01
2703.92;61.82174
2704.73;6.15E+01
2705.53;6.11E+01
2706.33;60.7325
2707.14;6.04E+01
2707.94;60.21417
2708.74;60.06266
2709.55;59.85814
2710.35;5.96E+01
2711.15;59.22781
2711.96;58.8505
2712.76;58.57478
2713.57;58.37747
2714.37;58.19305
2715.17;58.02924
2715.98;57.91402
2716.78;57.85261
2717.58;5.78E+01
2718.39;5.78E+01
2719.19;57.79316
2719.99;57.90005
2720.8;57.94824
2721.6;57.75282
2722.4;57.59781
2723.21;57.59549
2724.01;57.70838
2724.81;57.84086
2725.62;57.80455
2726.42;57.68743
2727.23;57.63262
2728.03;57.6447
2728.83;57.70189
2729.64;57.78517
2730.44;57.88336
2731.24;57.99564
2732.05;58.12273
2732.85;58.25502
2733.65;5.84E+01
2734.46;58.57879
2735.26;58.78287
2736.06;5.89E+01
2736.87;59.03444
2737.67;59.19343
2738.47;5.95E+01
2739.28;59.8734
2740.08;60.27568
2740.89;60.46347
2741.69;60.56795
2742.49;60.62574
2743.3;6.07E+01
2744.1;60.77381
2744.9;60.96239
2745.71;61.20008
2746.51;61.42787
2747.31;61.64735
2748.12;61.90064
2748.92;62.17652
2749.72;62.43771
2750.53;62.69829
2751.33;63.00858
2752.14;63.35266
2752.94;63.64555
2753.74;63.89863
2754.55;64.21542
2755.35;64.701
2756.15;65.13229
2756.96;65.29927
2757.76;65.43376
2758.56;65.61125
2759.37;65.82423
2760.17;6.61E+01
2760.97;66.3354
2761.78;66.62819
2762.58;66.96467
2763.38;67.32346
2764.19;67.61494
2764.99;67.83063
2765.8;6.81E+01
2766.6;68.3358
2767.4;68.64218
2768.21;68.93317
2769.01;69.18655
2769.81;69.44874
2770.62;69.81543
2771.42;7.02E+01
2772.22;70.6084
2773.03;70.86778
2773.83;71.08927
2774.63;7.13E+01
2775.44;71.66184
2776.24;72.02642
2777.04;72.41191
2777.85;72.77139
2778.65;73.07318
2779.46;73.33826
2780.26;73.61905
2781.06;73.96353
2781.87;74.32822
2782.67;7.46E+01
2783.47;7.49E+01
2784.28;7.51E+01
2785.08;75.32736
2785.88;75.62665
2786.69;76.02723
2787.49;76.46782
2788.29;76.7865
2789.1;76.96219
2789.9;7.71E+01
2790.71;77.33576
2791.51;77.57594
2792.31;77.82353
2793.12;78.09041
2793.92;78.3622
2794.72;78.62609
2795.53;78.90177
2796.33;79.18176
2797.13;79.44674
2797.94;79.69513
2798.74;79.92811
2799.54;8.02E+01
2800.35;80.42068
2801.15;80.70637
2801.95;81.03095
2802.76;81.42164
2803.56;81.80542
2804.37;82.02351
2805.17;82.10819
2805.97;82.19918
2806.78;82.33967
2807.58;82.50295
2808.38;82.67454
2809.19;82.84062
2809.99;82.98841
2810.79;83.13299
2811.6;8.33E+01
2812.4;83.44146
2813.2;83.61215
2814.01;83.80813
2814.81;8.40E+01
2815.61;8.41E+01
2816.42;84.23099
2817.22;84.31167
2818.03;84.43486
2818.83;84.59595
2819.63;84.76133
2820.44;84.89372
2821.24;84.9666
2822.04;84.97919
2822.85;84.96637
2823.65;84.96246
2824.45;84.98104
2825.26;85.01953
2826.06;8.51E+01
2826.86;85.1372
2827.67;85.18788
2828.47;8.52E+01
2829.28;85.14955
2830.08;85.11854
2830.88;85.11423
2831.69;8.51E+01
2832.49;85.1499
2833.29;85.16778
2834.1;8.52E+01
2834.9;85.13925
2835.7;85.07404
2836.51;85.00742
2837.31;84.96201
2838.11;84.90709
2838.92;84.79398
2839.72;84.64306
2840.52;84.51005
2841.33;84.40363
2842.13;84.29852
2842.94;84.18131
2843.74;84.05599
2844.54;83.93218
2845.35;83.81746
2846.15;83.70605
2846.95;83.59033
2847.76;83.47522
2848.56;83.36
2849.36;83.21839
2850.17;83.03467
2850.97;82.84146
2851.77;82.67604
2852.58;82.54603
2853.38;82.43761
2854.19;82.3139
2854.99;82.13509
2855.79;81.90517
2856.6;81.66536
2857.4;81.44534
2858.2;81.25183
2859.01;81.07611
2859.81;80.8971
2860.61;80.69828
2861.42;80.48387
2862.22;80.26845
2863.02;80.05994
2863.83;79.85602
2864.63;79.65561
2865.43;79.46479
2866.24;79.28028
2867.04;79.08296
2867.85;78.86655
2868.65;78.64404
2869.45;78.42842
2870.26;78.23071
2871.06;78.04779
2871.86;77.85618
2872.67;77.64266
2873.47;77.41885
2874.27;77.19663
2875.08;76.97992
2875.88;76.7737
2876.68;76.58139
2877.49;76.39167
2878.29;76.18936
2879.09;75.98004
2879.9;75.77973
2880.7;75.59072
2881.51;75.4056
2882.31;75.22379
2883.11;75.04787
2883.92;74.86966
2884.72;74.67894
2885.52;74.48603
2886.33;74.30981
2887.13;74.1497
2887.93;73.98818
2888.74;73.81667
2889.54;73.64415
2890.34;73.47764
2891.15;73.31362
2891.95;73.15171
2892.76;72.9969
2893.56;72.85028
2894.36;72.70577
2895.17;72.55825
2895.97;72.41184
2896.77;72.27622
2897.58;72.15421
2898.38;72.04319
2899.18;71.94758
2899.99;71.86726
2900.79;71.77625
2901.59;71.65013
2902.4;71.50992
2903.2;71.3892
2904;71.29349
2904.81;71.20648
2905.61;71.11536
2906.42;71.02375
2907.22;70.94003
2908.02;70.86562
2908.83;70.7981
2909.63;70.73549
2910.43;70.67687
2911.24;70.62226
2912.04;70.57084
2912.84;70.52363
2913.65;70.48231
2914.45;70.4454
2915.25;70.40958
2916.06;70.37547
2916.86;70.34566
2917.66;70.31994
2918.47;70.29833
2919.27;70.28401
2920.08;70.2798
2920.88;70.28658
2921.68;70.30497
2922.49;70.33175
2923.29;70.35554
2924.09;70.36412
2924.9;70.36061
2925.7;70.36229
2926.5;70.38068
2927.31;70.41306
2928.11;70.45295
2928.91;70.49804
2929.72;70.54712
2930.52;70.59761
2931.33;70.64919
2932.13;70.70558
2932.93;70.76676
2933.74;70.82945
2934.54;70.89543
2935.34;70.96992
2936.15;71.0519
2936.95;71.13659
2937.75;71.22357
2938.56;71.31386
2939.36;71.40604
2940.16;71.49823
2940.97;71.59042
2941.77;71.686
2942.57;71.78889
2943.38;71.89807
2944.18;72.00786
2944.99;72.11714
2945.79;72.23203
2946.59;72.35811
2947.4;72.4902
2948.2;72.61538
2949;72.72777
2949.81;72.83525
2950.61;72.94824
2951.41;73.06872
2952.22;73.19471
2953.02;73.3262
2953.82;73.46378
2954.63;73.60297
2955.43;73.73885
2956.24;73.87274
2957.04;74.00752
2957.84;74.14181
2958.65;74.27439
2959.45;74.40798
2960.25;74.54606
2961.06;74.68825
2961.86;74.83083
2962.66;74.97062
2963.47;75.1064
2964.27;75.23969
2965.07;75.37318
2965.88;75.50906
2966.68;75.64705
2967.48;75.78463
2968.29;75.91982
2969.09;76.0509
2969.9;76.17769
2970.7;76.30107
2971.5;76.41986
2972.31;76.53144
2973.11;76.63823
2973.91;76.74631
2974.72;76.8578
2975.52;76.96968
2976.32;77.07677
2977.13;77.17616
2977.93;77.26994
2978.73;77.36293
2979.54;77.45521
2980.34;77.5416
2981.14;77.62028
2981.95;77.69657
2982.75;77.77385
2983.56;77.84874
2984.36;77.91622
2985.16;77.97611
2985.97;78.02979
2986.77;78.07678
2987.57;78.11826
2988.38;78.15835
2989.18;78.19964
2989.98;78.23892
2990.79;78.27061
2991.59;78.29229
2992.39;78.30688
2993.2;78.31856
2994;78.32885
2994.81;78.33643
2995.61;78.33902
2996.41;78.3345
2997.22;78.31789
2998.02;78.28767
2998.82;78.24896
2999.63;78.20834
3000.43;78.16843
3001.23;78.12761
3002.04;78.0824
3002.84;78.02989
3003.64;77.97027
3004.45;77.90806
3005.25;77.84864
3006.05;77.78973
3006.86;77.72021
3007.66;77.6366
3008.47;77.54328
3009.27;77.44327
3010.07;77.33685
3010.88;77.22694
3011.68;77.11792
3012.48;77.01071
3013.29;76.90059
3014.09;76.78298
3014.89;76.65927
3015.7;76.53575
3016.5;76.41574
3017.3;76.29432
3018.11;76.16701
3018.91;76.03429
3019.71;75.90018
3020.52;75.76766
3021.32;75.63445
3022.13;75.49383
3022.93;75.34012
3023.73;75.176
3024.54;75.01099
3025.34;74.85087
3026.14;74.69216
3026.95;74.52935
3027.75;74.36333
3028.55;74.19742
3029.36;74.0323
3030.16;73.86809
3030.96;73.70607
3031.77;73.54736
3032.57;73.38844
3033.38;73.22363
3034.18;73.05351
3034.98;72.8848
3035.79;72.71978
3036.59;72.55707
3037.39;72.39225
3038.2;72.22194
3039;72.04723
3039.8;71.87281
3040.61;71.7024
3041.41;71.53618
3042.21;71.37457
3043.02;71.21875
3043.82;71.06484
3044.62;70.90832
3045.43;70.74941
3046.23;70.59169
3047.04;70.43818
3047.84;70.28736
3048.64;70.13565
3049.45;69.98423
3050.25;69.84162
3051.05;69.70991
3051.86;69.57809
3052.66;69.44248
3053.46;69.30676
3054.27;69.17305
3055.07;69.03963
3055.87;68.90462
3056.68;68.769
3057.48;68.63599
3058.28;68.50937
3059.09;68.39136
3059.89;68.28084
3060.7;68.17393
3061.5;68.06691
3062.3;67.9593
3063.11;67.85319
3063.91;67.75177
3064.71;67.65566
3065.52;67.56624
3066.32;67.48163
3067.12;67.39711
3067.93;67.312
3068.73;67.22988
3069.53;67.15487
3070.34;67.08815
3071.14;67.02794
3071.95;66.97192
3072.75;66.91391
3073.55;66.85099
3074.36;66.78828
3075.16;66.73067
3075.96;66.67995
3076.77;66.63444
3077.57;66.59282
3078.37;66.55561
3079.18;66.52629
3079.98;66.50478
3080.78;66.48596
3081.59;66.46355
3082.39;66.43713
3083.19;66.41132
3084;66.3924
3084.8;66.38149
3085.61;66.37467
3086.41;66.37036
3087.21;66.36995
3088.02;66.37333
3088.82;66.37892
3089.62;66.3858
3090.43;66.39479
3091.23;66.40827
3092.03;66.42736
3092.84;66.44834
3093.64;66.46913
3094.44;66.49111
3095.25;66.5162
3096.05;66.54448
3096.86;66.57487
3097.66;66.60645
3098.46;66.63994
3099.27;66.67513
3100.07;66.71281
3100.87;66.754
3101.68;66.79868
3102.48;66.84677
3103.28;66.89825
3104.09;66.95354
3104.89;67.01212
3105.69;67.07041
3106.5;67.12559
3107.3;67.17738
3108.1;67.22876
3108.91;67.28485
3109.71;67.34953
3110.52;67.42192
3111.32;67.49251
3112.12;67.55719
3112.93;67.61838
3113.73;67.68136
3114.53;67.75015
3115.34;67.82393
3116.14;67.89742
3116.94;67.9688
3117.75;68.03929
3118.55;68.10897
3119.35;68.17826
3120.16;68.24784
3120.96;68.31883
3121.76;68.39061
3122.57;68.461
3123.37;68.53028
3124.18;68.59987
3124.98;68.67166
3125.78;68.74694
3126.59;68.82623
3127.39;68.90521
3128.19;68.9791
3129;69.04738
3129.8;69.11187
3130.6;69.17525
3131.41;69.24044
3132.21;69.30892
3133.01;69.37761
3133.82;69.44529
3134.62;69.51268
3135.43;69.57966
3136.23;69.64535
3137.03;69.70814
3137.84;69.76882
3138.64;69.83021
3139.44;69.89159
3140.25;69.95058
3141.05;70.00536
3141.85;70.05595
3142.66;70.10413
3143.46;70.15262
3144.26;70.2026
3145.07;70.25429
3145.87;70.30627
3146.67;70.35606
3147.48;70.39974
3148.28;70.43593
3149.09;70.47002
3149.89;70.504
3150.69;70.53889
3151.5;70.57487
3152.3;70.61096
3153.1;70.64514
3153.91;70.67593
3154.71;70.70441
3155.51;70.7313
3156.32;70.75728
3157.12;70.78197
3157.92;70.80515
3158.73;70.82684
3159.53;70.84642
3160.33;70.86341
3161.14;70.8779
3161.94;70.89008
3162.75;70.89977
3163.55;70.90715
3164.35;70.91364
3165.16;70.91992
3165.96;70.92671
3166.76;70.93479
3167.57;70.94428
3168.37;70.95336
3169.17;70.96065
3169.98;70.96573
3170.78;70.96882
3171.58;70.9704
3172.39;70.96909
3173.19;70.96258
3174;70.95126
3174.8;70.93755
3175.6;70.92423
3176.41;70.91352
3177.21;70.904
3178.01;70.89389
3178.82;70.88447
3179.62;70.87636
3180.42;70.86894
3181.23;70.85943
3182.03;70.84541
3182.83;70.8316
3183.64;70.82018
3184.44;70.81167
3185.24;70.80416
3186.05;70.79354
3186.85;70.77983
3187.66;70.76611
3188.46;70.7545
3189.26;70.74648
3190.07;70.74217
3190.87;70.73795
3191.67;70.72814
3192.48;70.71282
3193.28;70.69481
3194.08;70.67879
3194.89;70.66868
3195.69;70.66216
3196.49;70.65765
3197.3;70.65414
3198.1;70.65082
3198.91;70.64621
3199.71;70.64139
3200.51;70.63918
3201.32;70.63916
3202.12;70.63935
3202.92;70.63713
3203.73;70.63342
3204.53;70.6346
3205.33;70.64079
3206.14;70.64987
3206.94;70.65866
3207.74;70.66644
3208.55;70.67703
3209.35;70.68842
3210.15;70.6979
3210.96;70.70429
3211.76;70.70937
3212.57;70.71826
3213.37;70.73094
3214.17;70.74703
3214.98;70.76651
3215.78;70.7894
3216.58;70.81438
3217.39;70.83877
3218.19;70.86155
3218.99;70.88304
3219.8;70.90502
3220.6;70.93221
3221.4;70.9645
3222.21;71.00068
3223.01;71.04027
3223.81;71.08265
3224.62;71.12764
3225.42;71.17072
3226.23;71.21021
3227.03;71.24679
3227.83;71.28348
3228.64;71.32826
3229.44;71.37935
3230.24;71.43213
3231.05;71.48382
3231.85;71.5328
3232.65;71.58239
3233.46;71.63528
3234.26;71.69136
3235.06;71.75015
3235.87;71.81113
3236.67;71.87382
3237.48;71.9379
3238.28;72.00319
3239.08;72.06927
3239.89;72.13516
3240.69;72.20024
3241.49;72.26633
3242.3;72.33401
3243.1;72.4036
3243.9;72.47508
3244.71;72.54987
3245.51;72.62635
3246.31;72.70304
3247.12;72.77853
3247.92;72.85191
3248.72;72.9256
3249.53;73.00058
3250.33;73.07657
3251.14;73.15225
3251.94;73.22584
3252.74;73.29822
3253.55;73.37041
3254.35;73.44339
3255.15;73.51848
3255.96;73.59876
3256.76;73.68225
3257.56;73.76753
3258.37;73.85352
3259.17;73.94001
3259.97;74.02649
3260.78;74.11078
3261.58;74.19186
3262.38;74.26915
3263.19;74.34253
3263.99;74.41192
3264.8;74.4786
3265.6;74.54429
3266.4;74.61177
3267.21;74.68296
3268.01;74.75574
3268.81;74.83023
3269.62;74.90671
3270.42;74.9853
3271.22;75.05989
3272.03;75.12747
3272.83;75.18766
3273.63;75.24144
3274.44;75.29413
3275.24;75.34861
3276.05;75.4044
3276.85;75.46058
3277.65;75.51527
3278.46;75.56795
3279.26;75.61814
3280.06;75.66512
3280.87;75.70811
3281.67;75.74829
3282.47;75.78858
3283.28;75.82807
3284.08;75.86545
3284.88;75.89624
3285.69;75.92312
3286.49;75.94821
3287.29;75.97229
3288.1;75.99418
3288.9;76.01146
3289.71;76.02605
3290.51;76.03893
3291.31;76.05092
3292.12;76.0624
3292.92;76.07339
3293.72;76.08307
3294.53;76.09096
3295.33;76.09415
3296.13;76.09203
3296.94;76.08592
3297.74;76.076
3298.54;76.06169
3299.35;76.04007
3300.15;76.01296
3300.96;75.98144
3301.76;75.94753
3302.56;75.91501
3303.37;75.8838
3304.17;75.85218
3304.97;75.81867
3305.78;75.77805
3306.58;75.73334
3307.38;75.68643
3308.19;75.63851
3308.99;75.5899
3309.79;75.53888
3310.6;75.48537
3311.4;75.42945
3312.2;75.37174
3313.01;75.31412
3313.81;75.25641
3314.62;75.19739
3315.42;75.13368
3316.22;75.06126
3317.03;74.98575
3317.83;74.91013
3318.63;74.83832
3319.44;74.76751
3320.24;74.69239
3321.04;74.61198
3321.85;74.52496
3322.65;74.43205
3323.45;74.33883
3324.26;74.24682
3325.06;74.158
3325.86;74.07229
3326.67;73.98627
3327.47;73.89946
3328.28;73.81134
3329.08;73.72053
3329.88;73.62671
3330.69;73.5302
3331.49;73.43179
3332.29;73.33617
3333.1;73.24396
3333.9;73.15424
3334.7;73.06593
3335.51;72.97631
3336.31;72.8842
3337.11;72.78988
3337.92;72.69327
3338.72;72.59635
3339.53;72.50074
3340.33;72.40652
3341.13;72.31331
3341.94;72.21899
3342.74;72.12338
3343.54;72.02747
3344.35;71.93225
3345.15;71.84084
3345.95;71.75172
3346.76;71.66471
3347.56;71.57939
3348.36;71.49548
3349.17;71.41256
3349.97;71.33045
3350.77;71.24933
3351.58;71.17012
3352.38;71.0932
3353.19;71.01869
3353.99;70.94677
3354.79;70.87516
3355.6;70.80395
3356.4;70.73363
3357.2;70.66632
3358.01;70.602
3358.81;70.53989
3359.61;70.47967
3360.42;70.42176
3361.22;70.36434
3362.02;70.30723
3362.83;70.25001
3363.63;70.1958
3364.43;70.14558
3365.24;70.09877
3366.04;70.05535
3366.85;70.01464
3367.65;69.97552
3368.45;69.93801
3369.26;69.9029
3370.06;69.87078
3370.86;69.84097
3371.67;69.81345
3372.47;69.78994
3373.27;69.77082
3374.08;69.75531
3374.88;69.74339
3375.68;69.73588
3376.49;69.73076
3377.29;69.72765
3378.1;69.72663
3378.9;69.72832
3379.7;69.7321
3380.51;69.73809
3381.31;69.74698
3382.11;69.75896
3382.92;69.77395
3383.72;69.79233
3384.52;69.81682
3385.33;69.8456
3386.13;69.87729
3386.93;69.91157
3387.74;69.94816
3388.54;69.98684
3389.34;70.02763
3390.15;70.07131
3390.95;70.1164
3391.76;70.16238
3392.56;70.20937
3393.36;70.25986
3394.17;70.31464
3394.97;70.37343
3395.77;70.43671
3396.58;70.5036
3397.38;70.57188
3398.18;70.64137
3398.99;70.71305
3399.79;70.78734
3400.59;70.86402
3401.4;70.94341
3402.2;71.02749
3403;71.11418
3403.81;71.20296
3404.61;71.29325
3405.42;71.38384
3406.22;71.47512
3407.02;71.56761
3407.83;71.66559
3408.63;71.76738
3409.43;71.87216
3410.24;71.97925
3411.04;72.08753
3411.84;72.19722
3412.65;72.3084
3413.45;72.42179
3414.25;72.53607
3415.06;72.65136
3415.86;72.76844
3416.67;72.88863
3417.47;73.01052
3418.27;73.134
3419.08;73.25789
3419.88;73.38217
3420.68;73.50726
3421.49;73.63424
3422.29;73.76323
3423.09;73.89291
3423.9;74.0229
3424.7;74.15388
3425.5;74.28627
3426.31;74.41955
3427.11;74.55364
3427.91;74.68702
3428.72;74.81981
3429.52;74.952
3430.33;75.08358
3431.13;75.21477
3431.93;75.34585
3432.74;75.47714
3433.54;75.60732
3434.34;75.73551
3435.15;75.86059
3435.95;75.98178
3436.75;76.10226
3437.56;76.22225
3438.36;76.34273
3439.16;76.46272
3439.97;76.5822
3440.77;76.70059
3441.58;76.81678
3442.38;76.93056
3443.18;77.04145
3443.99;77.14783
3444.79;77.25232
3445.59;77.3553
3446.4;77.45619
3447.2;77.55477
3448;77.65116
3448.81;77.74414
3449.61;77.83323
3450.41;77.92021
3451.22;78.0051
3452.02;78.08588
3452.82;78.16307
3453.63;78.23636
3454.43;78.30394
3455.24;78.36753
3456.04;78.42781
3456.84;78.4838
3457.65;78.53398
3458.45;78.58057
3459.25;78.62355
3460.06;78.66134
3460.86;78.69572
3461.66;78.72661
3462.47;78.75159
3463.27;78.77398
3464.07;78.79416
3464.88;78.81185
3465.68;78.82514
3466.48;78.83422
3467.29;78.83741
3468.09;78.83169
3468.9;78.82088
3469.7;78.80516
3470.5;78.78265
3471.31;78.75653
3472.11;78.72672
3472.91;78.6899
3473.72;78.64819
3474.52;78.60277
3475.32;78.55296
3476.13;78.49894
3476.93;78.44133
3477.73;78.37912
3478.54;78.3106
3479.34;78.23769
3480.15;78.15967
3480.95;78.07176
3481.75;77.97804
3482.56;77.87893
3483.36;77.77331
3484.16;77.6656
3484.97;77.55598
3485.77;77.44307
3486.57;77.32625
3487.38;77.20634
3488.18;77.08142
3488.98;76.95211
3489.79;76.8199
3490.59;76.68408
3491.39;76.54347
3492.2;76.39915
3493;76.24994
3493.81;76.09342
3494.61;75.93441
3495.41;75.77319
3496.22;75.61018
3497.02;75.44426
3497.82;75.27515
3498.63;75.09813
3499.43;74.91872
3500.23;74.7376
3501.04;74.55619
3501.84;74.37297
3502.64;74.18786
3503.45;73.99795
3504.25;73.80473
3505.05;73.60962
3505.86;73.4132
3506.66;73.21629
3507.47;73.01917
3508.27;72.82176
3509.07;72.62334
3509.88;72.42413
3510.68;72.22341
3511.48;72.0193
3512.29;71.81318
3513.09;71.60427
3513.89;71.39355
3514.7;71.18324
3515.5;70.97383
3516.3;70.76671
3517.11;70.5602
3517.91;70.35428
3518.72;70.14707
3519.52;69.93895
3520.32;69.72984
3521.13;69.51942
3521.93;69.30911
3522.73;69.09899
3523.54;68.89178
3524.34;68.68696
3525.14;68.48455
3525.95;68.28433
3526.75;68.08322
3527.55;67.88111
3528.36;67.67679
3529.16;67.47298
3529.96;67.26986
3530.77;67.07025
3531.57;66.87373
3532.38;66.67992
3533.18;66.4915
3533.98;66.30549
3534.79;66.12137
3535.59;65.93886
3536.39;65.75664
3537.2;65.57483
3538;65.39401
3538.8;65.215
3539.61;65.03769
3540.41;64.86567
3541.21;64.69586
3542.02;64.52814
3542.82;64.36233
3543.63;64.19871
3544.43;64.0371
3545.23;63.88128
3546.04;63.72797
3546.84;63.57695
3547.64;63.42904
3548.45;63.28362
3549.25;63.14091
3550.05;63.00479
3550.86;62.87088
3551.66;62.73947
3552.46;62.61005
3553.27;62.48204
3554.07;62.35592
3554.87;62.23561
3555.68;62.11859
3556.48;62.00548
3557.29;61.89746
3558.09;61.79205
3558.89;61.68973
3559.7;61.59092
3560.5;61.494
3561.3;61.39939
3562.11;61.30857
3562.91;61.22046
3563.71;61.13655
3564.52;61.05713
3565.32;60.98042
3566.12;60.9078
3566.93;60.83789
3567.73;60.76987
3568.53;60.70466
3569.34;60.64354
3570.14;60.58543
3570.95;60.53411
3571.75;60.4869
3572.55;60.44268
3573.36;60.40247
3574.16;60.36425
3574.96;60.32764
3575.77;60.29373
3576.57;60.26121
3577.37;60.2302
3578.18;60.20488
3578.98;60.18357
3579.78;60.16745
3580.59;60.15924
3581.39;60.15452
3582.2;60.15411
3583;60.15729
3583.8;60.16198
3584.61;60.16836
3585.41;60.17555
3586.21;60.18353
3587.02;60.19372
3587.82;60.20761
3588.62;60.22429
3589.43;60.24748
3590.23;60.27376
3591.03;60.30265
3591.84;60.33583
3592.64;60.37092
3593.44;60.4083
3594.25;60.45029
3595.05;60.49437
3595.86;60.54166
3596.66;60.59164
3597.46;60.64313
3598.27;60.69741
3599.07;60.7554
3599.87;60.81579
3600.68;60.88037
3601.48;60.94686
3602.28;61.01474
3603.09;61.08553
3603.89;61.15791
3604.69;61.2322
3605.5;61.30988
3606.3;61.38897
3607.1;61.47005
3607.91;61.55274
3608.71;61.63642
3609.52;61.72211
3610.32;61.80989
3611.12;61.89918
3611.93;61.99227
3612.73;62.08725
3613.53;62.18394
3614.34;62.28282
3615.14;62.38261
3615.94;62.48369
3616.75;62.58668
3617.55;62.69036
3618.35;62.79495
3619.16;62.90013
3619.96;63.00572
3620.77;63.1128
3621.57;63.22099
3622.37;63.33017
3623.18;63.44126
3623.98;63.55344
3624.78;63.66703
3625.59;63.78232
3626.39;63.8982
3627.19;64.01459
3628;64.12977
3628.8;64.24416
3629.6;64.35614
3630.41;64.46803
3631.21;64.57961
3632.01;64.693
3632.82;64.80708
3633.62;64.92227
3634.43;65.03605
3635.23;65.14874
3636.03;65.25812
3636.84;65.36631
3637.64;65.4738
3638.44;65.58228
3639.25;65.69057
3640.05;65.79855
3640.85;65.90314
3641.66;66.00602
3642.46;66.10571
3643.26;66.20479
3644.07;66.30338
3644.87;66.40176
3645.67;66.49885
3646.48;66.59403
3647.28;66.68472
3648.09;66.7735
3648.89;66.85939
3649.69;66.94428
3650.5;67.02856
3651.3;67.11105
3652.1;67.19183
3652.91;67.27052
3653.71;67.344
3654.51;67.41469
3655.32;67.47987
3656.12;67.54066
3656.92;67.59874
3657.73;67.65273
3658.53;67.70591
3659.34;67.7581
3660.14;67.80868
3660.94;67.85797
3661.75;67.90336
3662.55;67.94354
3663.35;67.98043
3664.16;68.00881
3664.96;68.0347
3665.76;68.05688
3666.57;68.07597
3667.37;68.09365
3668.17;68.10834
3668.98;68.12032
3669.78;68.13021
3670.58;68.13219
3671.39;68.13048
3672.19;68.12186
3673;68.10815
3673.8;68.09184
3674.6;68.07152
3675.41;68.04881
3676.21;68.02329
3677.01;67.99198
3677.82;67.95826
3678.62;67.91965
3679.42;67.87793
3680.23;67.83422
3681.03;67.7856
3681.83;67.73439
3682.64;67.67867
3683.44;67.61646
3684.25;67.55094
3685.05;67.47773
3685.85;67.40212
3686.66;67.3236
3687.46;67.24259
3688.26;67.16027
3689.07;67.07506
3689.87;66.98614
3690.67;66.89473
3691.48;66.79671
3692.28;66.6965
3693.08;66.59198
3693.89;66.48377
3694.69;66.37335
3695.49;66.25774
3696.3;66.14042
3697.1;66.02031
3697.91;65.8974
3698.71;65.77298
3699.51;65.64497
3700.32;65.51475
3701.12;65.38194
3701.92;65.24542
3702.73;65.10751
3703.53;64.96689
3704.33;64.82498
3705.14;64.68176
3705.94;64.53565
3706.74;64.38823
3707.55;64.23822
3708.35;64.0866
3709.15;63.93379
3709.96;63.77858
3710.76;63.62226
3711.57;63.46385
3712.37;63.30383
3713.17;63.14302
3713.98;62.9812
3714.78;62.81939
3715.58;62.65757
3716.39;62.49526
3717.19;62.33264
3717.99;62.16683
3718.8;61.99971
3719.6;61.8302
3720.4;61.66088
3721.21;61.49167
3722.01;61.32506
3722.82;61.15884
3723.62;60.99313
3724.42;60.82661
3725.23;60.6597
3726.03;60.49198
3726.83;60.32427
3727.64;60.15635
3728.44;59.98854
3729.24;59.82072
3730.05;59.65351
3730.85;59.48719
3731.65;59.32208
3732.46;59.15926
3733.26;58.99755
3734.06;58.83824
3734.87;58.67912
3735.67;58.52021
3736.48;58.36089
3737.28;58.20148
3738.08;58.04426
3738.89;57.88815
3739.69;57.73463
3740.49;57.58242
3741.3;57.431
3742.1;57.28139
3742.9;57.13287
3743.71;56.98696
3744.51;56.84294
3745.31;56.70023
3746.12;56.55881
3746.92;56.4182
3747.72;56.27919
3748.53;56.14247
3749.33;56.00756
3750.14;55.87624
3750.94;55.74583
3751.74;55.61731
3752.55;55.4897
3753.35;55.36278
3754.15;55.23827
3754.96;55.11495
3755.76;54.99614
3756.56;54.87972
3757.37;54.76631
3758.17;54.65609
3758.97;54.54728
3759.78;54.44247
3760.58;54.33915
3761.39;54.23884
3762.19;54.14062
3762.99;54.04361
3763.8;53.94879
3764.6;53.85458
3765.4;53.76206
3766.21;53.67115
3767.01;53.58183
3767.81;53.49572
3768.62;53.4107
3769.42;53.32889
3770.22;53.24847
3771.03;53.17016
3771.83;53.09515
3772.63;53.02153
3773.44;52.95312
3774.24;52.8861
3775.05;52.82229
3775.85;52.75997
3776.65;52.69886
3777.46;52.63884
3778.26;52.57943
3779.06;52.52221
3779.87;52.4678
3780.67;52.41668
3781.47;52.37107
3782.28;52.32745
3783.08;52.28854
3783.88;52.25033
3784.69;52.21351
3785.49;52.1782
3786.3;52.14398
3787.1;52.11417
3787.9;52.08565
3788.71;52.06154
3789.51;52.03872
3790.31;52.01751
3791.12;51.99769
3791.92;51.97848
3792.72;51.96276
3793.53;51.94825
3794.33;51.93683
3795.13;51.92692
3795.94;51.91821
3796.74;51.91119
3797.54;51.90488
3798.35;51.90166
3799.15;51.89985
3799.96;51.90063
3800.76;51.90342
3801.56;51.9075
3802.37;51.91389
3803.17;51.92097
3803.97;51.93046
3804.78;51.94134
3805.58;51.95433
3806.38;51.96951
3807.19;51.9859
3807.99;52.0027
3808.79;52.0204
3809.6;52.0405
3810.4;52.0617
3811.2;52.0844
3812.01;52.1086
3812.81;52.1334
3813.62;52.1611
3814.42;52.1898
3815.22;52.2218
3816.03;52.2555
3816.83;52.2911
3817.63;52.3278
3818.44;52.3648
3819.24;52.4017
3820.04;52.4386
3820.85;52.4758
3821.65;52.5141
3822.45;52.5535
3823.26;52.5957
3824.06;52.6391
3824.87;52.6867
3825.67;52.735
3826.47;52.7856
3827.28;52.8364
3828.08;52.8877
3828.88;52.9388
3829.69;52.9899
3830.49;53.0412
3831.29;53.0926
3832.1;53.1451
3832.9;53.1983
3833.7;53.2526
3834.51;53.3076
3835.31;53.363
3836.11;53.4202
3836.92;53.4781
3837.72;53.5393
3838.53;53.6014
3839.33;53.6652
3840.13;53.7284
3840.94;53.7913
3841.74;53.8526
3842.54;53.9135
3843.35;53.9743
3844.15;54.0354
3844.95;54.0975
3845.76;54.1607
3846.56;54.225
3847.36;54.2906
3848.17;54.3566
3848.97;54.4225
3849.77;54.4881
3850.58;54.5522
3851.38;54.6159
3852.19;54.6789
3852.99;54.7421
3853.79;54.8057
3854.6;54.8699
3855.4;54.9342
3856.2;54.9985
3857.01;55.0626
3857.81;55.1264
3858.61;55.1896
3859.42;55.2522
3860.22;55.3134
3861.02;55.3738
3861.83;55.4338
3862.63;55.4938
3863.44;55.555
3864.24;55.6161
3865.04;55.677
3865.85;55.7365
3866.65;55.7948
3867.45;55.8507
3868.26;55.9058
3869.06;55.9587
3869.86;56.0112
3870.67;56.0628
3871.47;56.1141
3872.27;56.165
3873.08;56.215
3873.88;56.2643
3874.68;56.3121
3875.49;56.3594
3876.29;56.4052
3877.1;56.4504
3877.9;56.4936
3878.7;56.5356
3879.51;56.5755
3880.31;56.6141
3881.11;56.6516
3881.92;56.6888
3882.72;56.7258
3883.52;56.7623
3884.33;56.7985
3885.13;56.8325
3885.93;56.8653
3886.74;56.8954
3887.54;56.9234
3888.35;56.9493
3889.15;56.9726
3889.95;56.9945
3890.76;57.0138
3891.56;57.0326
3892.36;57.0504
3893.17;57.068
3893.97;57.0848
3894.77;57.1006
3895.58;57.1147
3896.38;57.1268
3897.18;57.1376
3897.99;57.1463
3898.79;57.1544
3899.59;57.1598
3900.4;57.1646
3901.2;57.1666
3902.01;57.1679
3902.81;57.1677
3903.61;57.1668
3904.42;57.1651
3905.22;57.1616
3906.02;57.1569
3906.83;57.1487
3907.63;57.1396
3908.43;57.1276
3909.24;57.1152
3910.04;57.1016
3910.84;57.0871
3911.65;57.0704
3912.45;57.0515
3913.25;57.0302
3914.06;57.0071
3914.86;56.9828
3915.67;56.9581
3916.47;56.9333
3917.27;56.9077
3918.08;56.8818
3918.88;56.853
3919.68;56.823
3920.49;56.7896
3921.29;56.755
3922.09;56.7186
3922.9;56.6815
3923.7;56.6439
3924.5;56.6059
3925.31;56.5677
3926.11;56.5288
3926.92;56.4897
3927.72;56.4489
3928.52;56.4075
3929.33;56.3634
3930.13;56.3184
3930.93;56.2714
3931.74;56.2237
3932.54;56.1752
3933.34;56.1259
3934.15;56.0761
3934.95;56.0251
3935.75;55.9738
3936.56;55.9215
3937.36;55.869
3938.16;55.816
3938.97;55.7628
3939.77;55.7089
3940.58;55.6547
3941.38;55.5998
3942.18;55.5445
3942.99;55.4885
3943.79;55.4319
3944.59;55.3748
3945.4;55.3166
3946.2;55.258
3947;55.198
3947.81;55.1378
3948.61;55.0763
3949.41;55.0147
3950.22;54.952
3951.02;54.8891
3951.82;54.8256
3952.63;54.7623
3953.43;54.6992
3954.24;54.637
3955.04;54.5755
3955.84;54.5145
3956.65;54.4536
3957.45;54.3916
3958.25;54.3292
3959.06;54.2645
3959.86;54.1994
3960.66;54.1331
3961.47;54.067
3962.27;54.0018
3963.07;53.9373
3963.88;53.8747
3964.68;53.8125
3965.49;53.751
3966.29;53.6892
3967.09;53.6268
3967.9;53.5638
3968.7;53.5002
3969.5;53.4368
3970.31;53.3733
3971.11;53.3101
3971.91;53.2471
3972.72;53.1845
3973.52;53.1221
3974.32;53.0602
3975.13;52.9983
3975.93;52.9367
3976.73;52.875
3977.54;52.8131
3978.34;52.7514
3979.15;52.6899
3979.95;52.6289
3980.75;52.5686
3981.56;52.5093
3982.36;52.451
3983.16;52.3937
3983.97;52.3371
3984.77;52.2803
3985.57;52.2235
3986.38;52.1653
3987.18;52.1068
3987.98;52.0477
3988.79;51.9885
3989.59;51.9308
3990.39;51.8734
3991.2;51.818
3992;51.7629
3992.81;51.7093
3993.61;51.6559
3994.41;51.6032
3995.22;51.5505
3996.02;51.4978
3996.82;51.4448
3997.63;51.3916
3998.43;51.3386
3999.23;51.2859
4000.04;51.2339
4000.84;51.1825
4001.64;51.1319
4002.45;51.0818
4003.25;51.0325
4004.06;50.9835
4004.86;50.9352
4005.66;50.8872
4006.47;50.84
4007.27;50.7928
4008.07;50.7457
4008.88;50.6986
4009.68;50.6513
4010.48;50.604
4011.29;50.5574
4012.09;50.511
4012.89;50.4661
4013.7;50.4216
4014.5;50.3782
4015.3;50.3348
4016.11;50.2913
4016.91;50.2474
4017.72;50.2031
4018.52;50.1588
4019.32;50.1146
4020.13;50.071
4020.93;50.0279
4021.73;49.985
4022.54;49.9422
4023.34;49.8991
4024.14;49.8559
4024.95;49.8134
4025.75;49.7714
4026.55;49.7315
4027.36;49.6925
4028.16;49.655
4028.97;49.618
4029.77;49.5804
4030.57;49.5427
4031.38;49.504
4032.18;49.4651
4032.98;49.4263
4033.79;49.3876
4034.59;49.3493
4035.39;49.311
4036.2;49.2724
4037;49.2337
4037.8;49.1944
4038.61;49.1551
4039.41;49.1163
4040.21;49.0777
4041.02;49.0403
4041.82;49.0031
4042.63;48.9663
4043.43;48.9294
4044.23;48.8915
4045.04;48.8533
4045.84;48.8136
4046.64;48.7739
4047.45;48.7339
4048.25;48.694
4049.05;48.6546
4049.86;48.6153
4050.66;48.5762
4051.46;48.537
4052.27;48.4979
4053.07;48.4589
4053.87;48.42
4054.68;48.3811
4055.48;48.3421
4056.29;48.303
4057.09;48.2636
4057.89;48.2239
4058.7;48.1839
4059.5;48.1434
4060.3;48.1026
4061.11;48.0614
4061.91;48.0201
4062.71;47.9788
4063.52;47.9374
4064.32;47.8958
4065.12;47.8541
4065.93;47.8117
4066.73;47.7688
4067.54;47.7253
4068.34;47.6813
4069.14;47.6364
4069.95;47.591
4070.75;47.5442
4071.55;47.4968
4072.36;47.4482
4073.16;47.399
4073.96;47.3496
4074.77;47.3002
4075.57;47.2517
4076.37;47.2036
4077.18;47.1559
4077.98;47.1084
4078.78;47.0598
4079.59;47.0108
4080.39;46.9598
4081.2;46.9081
4082;46.8546
4082.8;46.8004
4083.61;46.7451
4084.41;46.6893
4085.21;46.6333
4086.02;46.5771
4086.82;46.5208
4087.62;46.4645
4088.43;46.4074
4089.23;46.3499
4090.03;46.291
4090.84;46.2314
4091.64;46.1704
4092.44;46.1087
4093.25;46.0455
4094.05;45.9816
4094.86;45.9168
4095.66;45.8516
4096.46;45.7863
4097.27;45.7209
4098.07;45.6553
4098.87;45.5894
4099.68;45.5226
4100.48;45.4552
4101.28;45.3864
4102.09;45.3168
4102.89;45.2457
4103.69;45.1735
4104.5;45.1002
4105.3;45.026
4106.11;44.9514
4106.91;44.8764
4107.71;44.801
4108.52;44.7251
4109.32;44.6484
4110.12;44.5707
4110.93;44.4921
4111.73;44.4125
4112.53;44.332
4113.34;44.2504
4114.14;44.1681
4114.94;44.0849
4115.75;44.0014
4116.55;43.9174
4117.35;43.8331
4118.16;43.7483
4118.96;43.6629
4119.77;43.5758
4120.57;43.4879
4121.37;43.3977
4122.18;43.3071
4122.98;43.2149
4123.78;43.1228
4124.59;43.0306
4125.39;42.9385
4126.19;42.8469
4127;42.7552
4127.8;42.6633
4128.6;42.5713
4129.41;42.4783
4130.21;42.3853
4131.02;42.2909
4131.82;42.1965
4132.62;42.1007
4133.43;42.0049
4134.23;41.9078
4135.03;41.8106
4135.84;41.712
4136.64;41.6131
4137.44;41.5129
4138.25;41.4125
4139.05;41.3114
4139.85;41.2102
4140.66;41.1086
4141.46;41.0069
4142.26;40.9046
4143.07;40.802
4143.87;40.6988
4144.68;40.5953
4145.48;40.4917
4146.28;40.3881
4147.09;40.2843
4147.89;40.1805
4148.69;40.0766
4149.5;39.9724
4150.3;39.8683
4151.1;39.7643
4151.91;39.6608
4152.71;39.5582
4153.51;39.4558
4154.32;39.3537
4155.12;39.2514
4155.92;39.1474
4156.73;39.0433
4157.53;38.9372
4158.34;38.8312
4159.14;38.7262
4159.94;38.6212
4160.75;38.519
4161.55;38.417
4162.35;38.3155
4163.16;38.2141
4163.96;38.111
4164.76;38.0073
4165.57;37.9029
4166.37;37.7982
4167.17;37.6945
4167.98;37.5915
4168.78;37.4894
4169.59;37.3884
4170.39;37.2877
4171.19;37.1877
4172;37.0878
4172.8;36.9883
4173.6;36.8888
4174.41;36.7891
4175.21;36.6894
4176.01;36.5888
4176.82;36.4883
4177.62;36.3878
4178.42;36.2873
4179.23;36.1889
4180.03;36.0905
4180.83;35.9953
4181.64;35.9006
4182.44;35.8082
4183.25;35.7166
4184.05;35.6266
4184.85;35.5373
4185.66;35.45
4186.46;35.3642
4187.26;35.2807
4188.07;35.1998
4188.87;35.1212
4189.67;35.047
4190.48;34.9752
4191.28;34.9107
4192.08;34.8481
4192.89;34.7963
4193.69;34.745
4194.49;34.7062
4195.3;34.6673
4196.1;34.6382
4196.91;34.6098
4197.71;34.5869
4198.51;34.5652
4199.32;34.5456
4200.12;34.527
4200.92;34.5092
4201.73;34.4922
4202.53;34.4768
4203.33;34.4635
4204.14;34.4527
4204.94;34.4467
4205.74;34.4426
4206.55;34.4451
4207.35;34.4484
4208.16;34.4586
4208.96;34.4689
4209.76;34.4876
4210.57;34.5066
4211.37;34.5334
4212.17;34.5615
4212.98;34.594
4213.78;34.6282
4214.58;34.6644
4215.39;34.702
4216.19;34.7406
4216.99;34.7802
4217.8;34.8192
4218.6;34.8568
4219.4;34.8935
4220.21;34.9259
4221.01;34.9583
4221.82;34.9883
4222.62;35.0184
4223.42;35.0494
4224.23;35.0805
4225.03;35.1103
4225.83;35.1398
4226.64;35.1612
4227.44;35.1778
4228.24;35.1815
4229.05;35.1714
4229.85;35.151
4230.65;35.1103
4231.46;35.0662
4232.26;35.0073
4233.06;34.9485
4233.87;34.8924
4234.67;34.8363
4235.48;34.7817
4236.28;34.7274
4237.08;34.6527
4237.89;34.5706
4238.69;34.4669
4239.49;34.3476
4240.3;34.2192
4241.1;34.0787
4241.9;33.9306
4242.71;33.7613
4243.51;33.5875
4244.31;33.3749
4245.12;33.1624
4245.92;32.9315
4246.73;32.6997
4247.53;32.4744
4248.33;32.251
4249.14;32.0276
4249.94;31.8041
4250.74;31.5748
4251.55;31.338
4252.35;31.0999
4253.15;30.8579
4253.96;30.6189
4254.76;30.404
4255.56;30.1892
4256.37;30.0403
4257.17;29.8957
4257.97;29.8203
4258.78;29.7662
4259.58;29.7559
4260.39;29.7762
4261.19;29.8067
4261.99;29.8517
4262.8;29.89
4263.6;29.906
4264.4;29.9198
4265.21;29.8904
4266.01;29.8609
4266.81;29.8033
4267.62;29.7413
4268.42;29.6621
4269.22;29.5748
4270.03;29.4721
4270.83;29.3538
4271.64;29.2271
4272.44;29.0814
4273.24;28.9355
4274.05;28.7869
4274.85;28.6384
4275.65;28.5149
4276.46;28.3935
4277.26;28.2957
4278.06;28.2067
4278.87;28.1212
4279.67;28.0388
4280.47;27.9533
4281.28;27.8616
4282.08;27.7705
4282.88;27.6823
4283.69;27.5942
4284.49;27.5152
4285.3;27.4368
4286.1;27.3588
4286.9;27.281
4287.71;27.2008
4288.51;27.1185
4289.31;27.0356
4290.12;26.9514
4290.92;26.867
4291.72;26.7811
4292.53;26.6953
4293.33;26.6042
4294.13;26.5126
4294.94;26.4151
4295.74;26.3151
4296.54;26.2119
4297.35;26.1052
4298.15;25.9979
4298.96;25.8887
4299.76;25.7796
4300.56;25.6703
4301.37;25.5611
4302.17;25.451
4302.97;25.3408
4303.78;25.2306
4304.58;25.1204
4305.38;25.0098
4306.19;24.8986
4306.99;24.7862
4307.79;24.6673
4308.6;24.5483
4309.4;24.421
4310.21;24.293
4311.01;24.1648
4311.81;24.0366
4312.62;23.9114
4313.42;23.7899
4314.22;23.6697
4315.03;23.5539
4315.83;23.4381
4316.63;23.3267
4317.44;23.2154
4318.24;23.1106
4319.04;23.0078
4319.85;22.9104
4320.65;22.8179
4321.45;22.7268
4322.26;22.6392
4323.06;22.5517
4323.87;22.4638
4324.67;22.3759
4325.47;22.2854
4326.28;22.1941
4327.08;22.1007
4327.88;22.0054
4328.69;21.9096
4329.49;21.8127
4330.29;21.7158
4331.1;21.6189
4331.9;21.522
4332.7;21.425
4333.51;21.328
4334.31;21.2309
4335.11;21.1338
4335.92;21.0372
4336.72;20.942
4337.53;20.847
4338.33;20.7573
4339.13;20.6676
4339.94;20.5836
4340.74;20.5012
4341.54;20.4214
4342.35;20.3437
4343.15;20.2666
4343.95;20.1906
4344.76;20.1147
4345.56;20.0384
4346.36;19.9623
4347.17;19.8852
4347.97;19.8079
4348.78;19.731
4349.58;19.6546
4350.38;19.5788
4351.19;19.5054
4351.99;19.4321
4352.79;19.3607
4353.6;19.2894
4354.4;19.2188
4355.2;19.1485
4356.01;19.0791
4356.81;19.011
4357.61;18.9432
4358.42;18.8774
4359.22;18.8116
4360.02;18.7459
4360.83;18.6802
4361.63;18.6144
4362.44;18.5485
4363.24;18.4831
4364.04;18.4191
4364.85;18.355
4365.65;18.2932
4366.45;18.2315
4367.26;18.1708
4368.06;18.1105
4368.86;18.0507
4369.67;17.9915
4370.47;17.9325
4371.27;17.8742
4372.08;17.8159
4372.88;17.7575
4373.69;17.6991
4374.49;17.6411
4375.29;17.5836
4376.1;17.5269
4376.9;17.4733
4377.7;17.4197
4378.51;17.3711
4379.31;17.3229
4380.11;17.2773
4380.92;17.2334
4381.72;17.1901
4382.52;17.1484
4383.33;17.1068
4384.13;17.0664
4384.93;17.026
4385.74;16.9861
4386.54;16.9464
4387.35;16.9069
4388.15;16.8678
4388.95;16.8287
4389.76;16.7903
4390.56;16.7519
4391.36;16.7141
4392.17;16.6764
4392.97;16.6392
4393.77;16.6025
4394.58;16.566
4395.38;16.5308
4396.18;16.4956
4396.99;16.462
4397.79;16.4287
4398.59;16.3961
4399.4;16.3643
4400.2;16.3325
4401.01;16.3008
4401.81;16.2691
4402.61;16.2373
4403.42;16.2053
4404.22;16.174
4405.02;16.1431
4405.83;16.1126
4406.63;16.0835
4407.43;16.0544
4408.24;16.0265
4409.04;15.9987
4409.84;15.972
4410.65;15.946
4411.45;15.9205
4412.26;15.8964
4413.06;15.8722
4413.86;15.8482
4414.67;15.8242
4415.47;15.7998
4416.27;15.7752
4417.08;15.7507
4417.88;15.727
4418.68;15.7032
4419.49;15.6814
4420.29;15.6598
4421.09;15.6395
4421.9;15.6203
4422.7;15.6014
4423.5;15.5845
4424.31;15.5676
4425.11;15.5517
4425.92;15.5362
4426.72;15.5208
4427.52;15.5055
4428.33;15.4904
4429.13;15.476
4429.93;15.4616
4430.74;15.4487
4431.54;15.4362
4432.34;15.4243
4433.15;15.4133
4433.95;15.4023
4434.75;15.3922
4435.56;15.382
4436.36;15.3725
4437.16;15.3633
4437.97;15.3544
4438.77;15.3464
4439.58;15.3384
4440.38;15.3317
4441.18;15.325
4441.99;15.3193
4442.79;15.3142
4443.59;15.3096
4444.4;15.3063
4445.2;15.303
4446;15.3009
4446.81;15.2989
4447.61;15.2974
4448.41;15.2963
4449.22;15.2953
4450.02;15.2946
4450.83;15.2939
4451.63;15.2938
4452.43;15.2938
4453.24;15.2945
4454.04;15.2965
4454.84;15.2985
4455.65;15.3033
4456.45;15.3082
4457.25;15.3142
4458.06;15.3211
4458.86;15.3279
4459.66;15.3351
4460.47;15.3422
4461.27;15.3496
4462.07;15.357
4462.88;15.365
4463.68;15.3738
4464.49;15.3827
4465.29;15.3931
4466.09;15.4035
4466.9;15.4144
4467.7;15.4257
4468.5;15.4371
4469.31;15.449
4470.11;15.4608
4470.91;15.4734
4471.72;15.4862
4472.52;15.4993
4473.32;15.513
4474.13;15.5268
4474.93;15.5414
4475.73;15.556
4476.54;15.5711
4477.34;15.5865
4478.15;15.6022
4478.95;15.6185
4479.75;15.6348
4480.56;15.6521
4481.36;15.6696
4482.16;15.6877
4482.97;15.7066
4483.77;15.7255
4484.57;15.7455
4485.38;15.7655
4486.18;15.7858
4486.98;15.8064
4487.79;15.827
4488.59;15.8479
4489.4;15.8688
4490.2;15.8901
4491;15.9116
4491.81;15.9332
4492.61;15.9548
4493.41;15.9763
4494.22;15.9972
4495.02;16.018
4495.82;16.0386
4496.63;16.059
4497.43;16.0795
4498.23;16.1008
4499.04;16.122
4499.84;16.1444
4500.64;16.1673
4501.45;16.1906
4502.25;16.215
4503.06;16.2393
4503.86;16.264
4504.66;16.2888
4505.47;16.3136
4506.27;16.3382
4507.07;16.3629
4507.88;16.3876
4508.68;16.4124
4509.48;16.4373
4510.29;16.4623
4511.09;16.4873
4511.89;16.5121
4512.7;16.5369
4513.5;16.5615
4514.31;16.5862
4515.11;16.6108
4515.91;16.6358
4516.72;16.6607
4517.52;16.6856
4518.32;16.7104
4519.13;16.7349
4519.93;16.7584
4520.73;16.7819
4521.54;16.8039
4522.34;16.8255
4523.14;16.8468
4523.95;16.8674
4524.75;16.8879
4525.55;16.9089
4526.36;16.93
4527.16;16.9516
4527.97;16.9738
4528.77;16.996
4529.57;17.0189
4530.38;17.0417
4531.18;17.0646
4531.98;17.0874
4532.79;17.1101
4533.59;17.1324
4534.39;17.1547
4535.2;17.1763
4536;17.1973
4536.8;17.2182
4537.61;17.2376
4538.41;17.2569
4539.21;17.2754
4540.02;17.2934
4540.82;17.3113
4541.63;17.3287
4542.43;17.346
4543.23;17.3634
4544.04;17.3808
4544.84;17.3983
4545.64;17.4162
4546.45;17.434
4547.25;17.4516
4548.05;17.4692
4548.86;17.4862
4549.66;17.5017
4550.46;17.5173
4551.27;17.5311
4552.07;17.5444
4552.88;17.5573
4553.68;17.5693
4554.48;17.5812
4555.29;17.5926
4556.09;17.6038
4556.89;17.6149
4557.7;17.626
4558.5;17.637
4559.3;17.6482
4560.11;17.6595
4560.91;17.6706
4561.71;17.6815
4562.52;17.6923
4563.32;17.7017
4564.12;17.7107
4564.93;17.7189
4565.73;17.7257
4566.54;17.7324
4567.34;17.7378
4568.14;17.7429
4568.95;17.7475
4569.75;17.7511
4570.55;17.7547
4571.36;17.7575
4572.16;17.7601
4572.96;17.7627
4573.77;17.7653
4574.57;17.7679
4575.37;17.7701
4576.18;17.7723
4576.98;17.7739
4577.78;17.7741
4578.59;17.7743
4579.39;17.7736
4580.2;17.7726
4581;17.7717
4581.8;17.771
4582.61;17.7702
4583.41;17.7689
4584.21;17.7674
4585.02;17.7653
4585.82;17.7612
4586.62;17.7571
4587.43;17.751
4588.23;17.7441
4589.03;17.7368
4589.84;17.7281
4590.64;17.7194
4591.45;17.7106
4592.25;17.7017
4593.05;17.6928
4593.86;17.6843
4594.66;17.6758
4595.46;17.667
4596.27;17.6579
4597.07;17.6488
4597.87;17.6382
4598.68;17.6275
4599.48;17.6157
4600.28;17.6028
4601.09;17.5899
4601.89;17.5749
4602.69;17.5599
4603.5;17.5444
4604.3;17.5282
4605.11;17.5121
4605.91;17.4957
4606.71;17.4793
4607.52;17.4626
4608.32;17.4453
4609.12;17.4281
4609.93;17.4094
4610.73;17.3904
4611.53;17.3709
4612.34;17.35
4613.14;17.3291
4613.94;17.3072
4614.75;17.2848
4615.55;17.2622
4616.36;17.2384
4617.16;17.2145
4617.96;17.19
4618.77;17.165
4619.57;17.14
4620.37;17.1143
4621.18;17.0887
4621.98;17.0626
4622.78;17.0362
4623.59;17.0097
4624.39;16.9816
4625.19;16.9534
4626;16.9245
4626.8;16.8943
4627.6;16.8641
4628.41;16.8328
4629.21;16.8011
4630.02;16.7691
4630.82;16.7358
4631.62;16.7025
4632.43;16.668
4633.23;16.6328
4634.03;16.5976
4634.84;16.5611
4635.64;16.5247
4636.44;16.4875
4637.25;16.4496
4638.05;16.4118
4638.85;16.3718
4639.66;16.3315
4640.46;16.2905
4641.26;16.2478
4642.07;16.2051
4642.87;16.1616
4643.68;16.1177
4644.48;16.0738
4645.28;16.0299
4646.09;15.9859
4646.89;15.942
4647.69;15.898
4648.5;15.8541
4649.3;15.8092
4650.1;15.7642
4650.91;15.7183
4651.71;15.6707
4652.51;15.6231
4653.32;15.5732
4654.12;15.5224
4654.93;15.4713
4655.73;15.4179
4656.53;15.3645
4657.34;15.3102
4658.14;15.2551
4658.94;15.2
4659.75;15.1438
4660.55;15.0875
4661.35;15.0307
4662.16;14.9731
4662.96;14.9154
4663.76;14.8569
4664.57;14.798
4665.37;14.7389
4666.17;14.6787
4666.98;14.6184
4667.78;14.5572
4668.59;14.4949
4669.39;14.4326
4670.19;14.3677
4671;14.3024
4671.8;14.2363
4672.6;14.1679
4673.41;14.0994
4674.21;14.0297
4675.01;13.9593
4675.82;13.8889
4676.62;13.8172
4677.42;13.7455
4678.23;13.673
4679.03;13.5992
4679.83;13.5254
4680.64;13.4497
4681.44;13.3733
4682.25;13.2968
4683.05;13.219
4683.85;13.1412
4684.66;13.0626
4685.46;12.9834
4686.26;12.9041
4687.07;12.8226
4687.87;12.7408
4688.67;12.6583
4689.48;12.5736
4690.28;12.489
4691.08;12.4034
4691.89;12.317
4692.69;12.2308
4693.5;12.143
4694.3;12.0552
4695.1;11.9666
4695.91;11.8763
4696.71;11.786
4697.51;11.6939
4698.32;11.6009
4699.12;11.5079
4699.92;11.4131
4700.73;11.3184
4701.53;11.2231
4702.33;11.1267
4703.14;11.0304
4703.94;10.9326
4704.74;10.8343
4705.55;10.7358
4706.35;10.6355
4707.16;10.5352
4707.96;10.4343
4708.76;10.3322
4709.57;10.2303
4710.37;10.1268
4711.17;10.0229
4711.98;9.91888
4712.78;9.8129
4713.58;9.70696
4714.39;9.60029
4715.19;9.49254
4715.99;9.38483
4716.8;9.27556
4717.6;9.16577
4718.41;9.05583
4719.21;8.94349
4720.01;8.8312
4720.82;8.71825
4721.62;8.60431
4722.42;8.49041
4723.23;8.37641
4724.03;8.26239
4724.83;8.1484
4725.64;8.03432
4726.44;7.92028
4727.24;7.80604
4728.05;7.69145
4728.85;7.5769
4729.65;7.46226
4730.46;7.34761
4731.26;7.23299
4732.07;7.11845
4732.87;7.00394
4733.67;6.88943
4734.48;6.77484
4735.28;6.6603
4736.08;6.54597
4736.89;6.4318
4737.69;6.31766
4738.49;6.20407
4739.3;6.09055
4740.1;5.97713
4740.9;5.8639
4741.71;5.7507
4742.51;5.63775
4743.31;5.52501
4744.12;5.41231
4744.92;5.30089
4745.73;5.18974
4746.53;5.07901
4747.33;4.97073
4748.14;4.86248
4748.94;4.75559
4749.74;4.65051
4750.55;4.54546
4751.35;4.44213
4752.15;4.33947
4752.96;4.23687
4753.76;4.1359
4754.56;4.03497
4755.37;3.93453
4756.17;3.83523
4756.98;3.73596
4757.78;3.63808
4758.58;3.5412
4759.39;3.44436
4760.19;3.35116
4760.99;3.25853
4761.8;3.1667
4762.6;3.07925
4763.4;2.99184
4764.21;2.90597
4765.01;2.82216
4765.81;2.73837
4766.62;2.6562
4767.42;2.57472
4768.22;2.49327
4769.03;2.41498
4769.83;2.3368
4770.64;2.25965
4771.44;2.18559
4772.24;2.11156
4773.05;2.03961
4773.85;1.96962
4774.65;1.89965
4775.46;1.83318
4776.26;1.7677
4777.06;1.70247
4777.87;1.64232
4778.67;1.5822
4779.47;1.52364
4780.28;1.46864
4781.08;1.41366
4781.88;1.36088
4782.69;1.30982
4783.49;1.25877
4784.3;1.21051
4785.1;1.16288
4785.9;1.11552
4786.71;1.07159
4787.51;1.02767
4788.31;0.98483
4789.12;0.9443
4789.92;0.90379
4790.72;0.86501
4791.53;0.82756
4792.33;0.79013
4793.13;0.75544
4793.94;0.7214
4794.74;0.68757
4795.55;0.65721
4796.35;0.62685
4797.15;0.59756
4797.96;0.57079
4798.76;0.54404
4799.56;0.5188
4800.37;0.49489
4801.17;0.471
4801.97;0.44834
4802.78;0.42607
4803.58;0.4038
4804.38;0.38284
4805.19;0.36189
4805.99;0.34148
4806.79;0.32283
4807.6;0.30419
4808.4;0.28697
4809.21;0.27142
4810.01;0.25587
4810.81;0.24229
4811.62;0.22962
4812.42;0.21696
4813.22;0.20622
4814.03;0.1957
4814.83;0.18534
4815.63;0.17614
4816.44;0.16694
4817.24;0.15807
4818.04;0.14981
4818.85;0.14155
4819.65;0.13386
4820.45;0.12662
4821.26;0.11939
4822.06;0.11309
4822.87;0.10706
4823.67;0.10105
4824.47;0.09638
4825.28;0.09175
4826.08;0.08733
4826.88;0.08386
4827.69;0.08038
4828.49;0.07706
4829.29;0.07398
4830.1;0.07089
4830.9;0.0677
4831.7;0.06443
4832.51;0.06116
4833.31;0.05786
4834.12;0.05456
4834.92;0.05125
4835.72;0.04841
4836.53;0.04557
4837.33;4.29E-02
4838.13;4.07E-02
4838.94;3.86E-02
4839.74;3.67E-02
4840.54;3.51E-02
4841.35;3.34E-02
4842.15;3.19E-02
4842.95;3.04E-02
4843.76;2.89E-02
4844.56;2.74E-02
4845.36;2.61E-02
4846.17;2.47E-02
4846.97;2.39E-02
4847.78;2.32E-02
4848.58;2.26E-02
4849.38;2.27E-02
4850.19;2.28E-02
4850.99;2.30E-02
4851.79;2.33E-02
4852.6;2.36E-02
4853.4;2.37E-02
4854.2;2.37E-02
4855.01;2.37E-02
4855.81;2.33E-02
4856.61;2.28E-02
4857.42;2.23E-02
4858.22;2.11E-02
4859.03;1.98E-02
4859.83;1.85E-02
4860.63;1.66E-02
4861.44;1.47E-02
4862.24;1.28E-02
4863.04;1.11E-02
4863.85;9.51E-03
4864.65;8.22E-03
4865.45;7.73E-03
4866.26;7.25E-03
4867.06;7.24E-03
4867.86;7.81E-03
4868.67;8.38E-03
4869.47;9.32E-03
4870.27;1.05E-02
4871.08;1.17E-02
4871.88;1.31E-02
4872.69;1.45E-02
4873.49;1.59E-02
4874.29;1.71E-02
4875.1;1.84E-02
4875.9;1.96E-02
4876.7;1.99E-02
4877.51;2.02E-02
4878.31;2.03E-02
4879.11;1.93E-02
4879.92;1.84E-02
4880.72;1.74E-02
4881.52;1.63E-02
4882.33;1.53E-02
4883.13;1.50E-02
4883.93;1.54E-02
4884.74;1.59E-02
4885.54;1.70E-02
4886.35;1.84E-02
4887.15;1.98E-02
4887.95;2.07E-02
4888.76;2.13E-02
4889.56;2.20E-02
4890.36;2.18E-02
4891.17;2.15E-02
4891.97;2.12E-02
4892.77;2.09E-02
4893.58;2.06E-02
4894.38;2.03E-02
4895.18;2.00E-02
4895.99;1.97E-02
4896.79;1.92E-02
4897.6;1.86E-02
4898.4;1.80E-02
4899.2;1.74E-02
4900.01;1.70E-02
4900.81;1.65E-02
4901.61;1.64E-02
4902.42;1.66E-02
4903.22;1.67E-02
4904.02;1.70E-02
4904.83;1.73E-02
4905.63;1.76E-02
4906.43;1.78E-02
4907.24;1.80E-02
4908.04;1.81E-02
4908.84;1.82E-02
4909.65;1.83E-02
4910.45;1.84E-02
4911.26;1.84E-02
4912.06;1.85E-02
4912.86;1.85E-02
4913.67;1.87E-02
4914.47;1.89E-02
4915.27;1.91E-02
4916.08;1.96E-02
4916.88;2.01E-02
4917.68;2.05E-02
4918.49;2.09E-02
4919.29;2.13E-02
4920.09;2.14E-02
4920.9;2.12E-02
4921.7;2.09E-02
4922.5;2.04E-02
4923.31;1.95E-02
4924.11;1.86E-02
4924.92;1.79E-02
4925.72;1.72E-02
4926.52;1.65E-02
4927.33;1.66E-02
4928.13;1.70E-02
4928.93;1.74E-02
4929.74;1.82E-02
4930.54;1.92E-02
4931.34;2.02E-02
4932.15;2.04E-02
4932.95;2.04E-02
4933.75;2.05E-02
4934.56;1.93E-02
4935.36;1.80E-02
4936.17;1.67E-02
4936.97;1.51E-02
4937.77;1.35E-02
4938.58;1.20E-02
4939.38;1.13E-02
4940.18;1.05E-02
4940.99;9.88E-03
4941.79;1.00E-02
4942.59;1.02E-02
4943.4;1.05E-02
4944.2;1.15E-02
4945;1.26E-02
4945.81;1.38E-02
4946.61;1.56E-02
4947.41;1.74E-02
4948.22;1.92E-02
4949.02;2.10E-02
4949.83;2.29E-02
4950.63;2.46E-02
4951.43;2.60E-02
4952.24;2.74E-02
4953.04;2.86E-02
4953.84;2.93E-02
4954.65;3.01E-02
4955.45;3.03E-02
4956.25;2.98E-02
4957.06;2.93E-02
4957.86;2.83E-02
4958.66;2.67E-02
4959.47;2.52E-02
4960.27;2.37E-02
4961.08;2.23E-02
4961.88;2.10E-02
4962.68;1.99E-02
4963.49;1.90E-02
4964.29;1.81E-02
4965.09;1.72E-02
4965.9;1.63E-02
4966.7;1.54E-02
4967.5;1.48E-02
4968.31;1.44E-02
4969.11;1.40E-02
4969.91;1.43E-02
4970.72;1.49E-02
4971.52;1.55E-02
4972.32;1.63E-02
4973.13;1.72E-02
4973.93;1.81E-02
4974.74;1.84E-02
4975.54;1.87E-02
4976.34;1.90E-02
4977.15;1.92E-02
4977.95;1.94E-02
4978.75;1.96E-02
4979.56;2.03E-02
4980.36;2.11E-02
4981.16;2.18E-02
4981.97;2.24E-02
4982.77;2.30E-02
4983.57;2.36E-02
4984.38;2.33E-02
4985.18;2.29E-02
4985.98;2.25E-02
4986.79;2.12E-02
4987.59;1.98E-02
4988.4;1.84E-02
4989.2;1.68E-02
4990;1.53E-02
4990.81;1.37E-02
4991.61;1.29E-02
4992.41;1.21E-02
4993.22;1.13E-02
4994.02;1.17E-02
4994.82;1.20E-02
4995.63;1.23E-02
4996.43;1.32E-02
4997.23;1.40E-02
4998.04;1.49E-02
4998.84;1.53E-02
4999.65;1.57E-02
5000;1.61E-02